row,col
44,1326
232,1841
159,2225
472,2122
51,2231
131,1312
382,1982
956,2123
198,1752
300,1953
127,1655
289,1558
649,1936
891,2162
30,1951
544,2082
463,1653
918,2066
815,2004
219,1975
21,2164
719,2028
534,2025
11,2051
704,1795
277,1497
51,1470
256,2108
231,1401
315,2032
52,2139
311,1853
410,1827
376,1942
534,1575
269,1898
668,1802
378,1545
48,2232
623,2096
713,1756
396,1747
316,1456
362,2082
153,1825
472,1894
185,1853
291,2003
561,1681
593,1694
409,2078
286,1426
364,2113
7,1419
485,1655
237,1508
407,2090
114,1523
443,1660
10,1308
224,1808
203,1959
69,1683
369,1873
100,1885
447,1998
624,1746
594,1996
44,1760
211,2157
559,2023
33,2083
746,2095
204,1718
296,1969
838,1955
128,2276
405,1617
43,1730
191,1746
105,1806
218,1994
892,2094
55,1796
837,2041
322,1690
830,1904
81,1586
293,1600
893,1971
40,1077
131,1666
774,1805
294,1927
509,2062
428,2086
346,1957
163,1443
679,1812
403,1828
229,1729
824,1928
237,2003
397,1470
68,2252
139,2239
563,1850
714,1855
658,1762
580,1808
557,1820
827,2012
824,1851
249,1941
47,2008
814,1825
792,2008
735,2000
301,1817
174,1688
68,1565
82,1414
104,1575
244,2117
115,1343
277,1704
453,1839
257,2125
518,1987
463,1663
431,2061
12,1017
45,1114
241,1699
203,1989
471,1769
226,1893
860,2100
188,2232
45,1758
337,1685
535,1975
129,1908
506,2056
775,1955
159,2118
161,1956
274,2115
270,1701
162,2151
612,1905
628,1744
210,2022
28,1519
846,2108
442,2057
316,1797
158,1817
126,1647
385,2111
330,1765
660,1808
595,1667
10,1343
187,1372
532,1910
816,1905
130,1355
624,1877
12,1284
721,1781
136,1624
208,1457
173,1498
350,1769
258,1946
472,2031
242,2076
273,1930
737,1742
47,2263
250,1408
890,2107
381,1582
13,2246
96,1314
780,2122
41,1349
751,2063
886,1911
159,1940
272,1931
364,1916
340,2088
644,1822
514,2017
181,2240
635,1771
53,1776
879,2032
553,1840
298,1653
727,1980
385,1696
3,1356
48,2117
125,2105
83,2169
562,2020
185,1774
93,1879
677,1989
26,1420
777,1776
531,1897
445,2006
523,1694
21,1395
290,1876
541,2070
614,1688
651,1808
573,1603
517,1797
11,1155
116,2184
186,1987
435,1807
462,1600
115,1545
4,1163
486,2050
389,1988
97,1885
644,1808
7,1088
122,2066
128,2121
795,1917
129,1792
10,1228
110,1462
34,2181
607,1872
125,1999
54,2048
303,1457
500,1777
155,1863
577,1936
458,1868
13,2314
792,2107
36,2167
686,1945
861,2011
954,2058
107,1832
57,1343
933,2127
132,1645
284,2068
484,1553
103,2078
890,2103
440,2100
236,1718
546,1676
43,1455
154,1333
500,1832
586,1939
696,1834
159,1722
266,1835
428,1841
613,1660
929,2023
73,1497
103,2040
445,1494
158,1796
601,2065
42,2157
736,1884
440,1652
476,2063
76,1669
515,1994
177,1423
708,2047
497,2029
122,1894
327,1472
537,1575
753,1788
370,1796
94,1751
334,1586
20,1833
161,1723
63,1873
144,1369
75,1760
82,2296
807,2089
586,1646
210,2208
254,2159
707,1871
692,1986
395,1875
854,2133
114,2263
9,1065
339,1805
636,1757
171,1855
298,1612
68,1144
388,1720
50,1530
770,1885
147,1562
107,2133
142,2126
360,1446
850,2098
11,1129
194,1461
34,2173
764,1973
340,1513
36,1369
404,1505
319,1534
374,1624
42,1878
314,1442
554,1975
84,1679
51,1632
111,1610
180,2198
13,1683
7,1073
449,1692
360,1485
851,2068
333,1677
363,1846
54,1374
716,1753
728,1859
233,1539
441,1940
241,1705
212,2086
432,1480
70,1517
464,1788
191,2013
216,1974
855,2125
218,1744
190,1783
515,1732
500,1877
742,1779
269,1566
70,2028
249,1428
839,1948
705,2005
197,1858
628,1813
160,2181
402,1963
482,1930
78,1201
504,1739
649,2016
889,1973
521,1636
387,1657
690,1936
548,1733
90,2258
265,1956
257,1754
235,2141
208,1478
163,1979
88,2019
52,2094
213,1932
404,1467
486,1532
399,2092
249,1458
231,1555
652,1866
190,1805
74,1323
663,1941
33,1900
751,2073
525,1932
55,1111
584,2060
250,2169
389,1741
486,1792
402,1781
62,1452
165,1534
252,1672
375,1689
414,1519
36,1861
308,2191
307,1477
222,1444
66,1240
4,1090
42,2094
187,1757
631,1839
172,1960
405,1906
306,1667
860,2014
110,1274
198,1455
40,2216
437,2030
423,1611
702,1777
310,1657
648,1814
97,1637
48,1974
66,1934
99,1490
869,1961
533,2035
119,1297
72,1371
842,1869
504,1989
102,1712
779,2059
245,1856
179,1583
327,1446
117,2048
93,1514
61,1400
154,1757
190,2062
117,2195
534,2041
558,2111
593,1987
602,1673
180,1736
123,1440
11,1942
450,1908
304,1995
192,1815
754,1753
403,1824
45,1532
193,1398
104,2136
409,1779
163,2074
586,1766
215,2101
498,1841
857,2142
458,1781
98,2118
152,1785
222,1723
827,1918
669,1812
610,1985
179,1557
648,2049
491,1658
126,2046
644,1859
677,1791
643,1907
384,1554
498,2084
547,1752
910,2101
24,1072
112,2135
347,2124
82,1494
196,2102
267,1943
647,1754
407,1651
427,1969
28,1532
215,2223
855,2141
218,1581
804,1936
207,2206
137,1834
13,1933
482,1717
138,2087
57,1617
47,1213
79,1973
826,2024
602,2033
532,2043
121,1446
551,1928
678,2049
29,1935
260,2047
472,1826
75,2046
843,1925
320,1680
827,1888
534,1758
718,1844
480,1790
64,2226
830,1838
184,1913
79,1554
103,2198
421,1866
151,1309
797,2001
487,2086
121,1685
441,1652
168,2131
394,1479
723,1812
227,1446
36,1185
264,1920
424,1884
394,1508
216,1885
609,1919
500,2088
96,1387
516,2028
32,2118
238,2039
48,2314
555,1983
203,1784
542,2079
509,1547
356,1653
62,1147
195,1606
731,2106
157,1811
472,1793
180,2235
31,1547
702,2079
284,2034
36,1205
78,1433
276,1508
246,1479
123,1259
635,1889
242,1513
881,2030
217,2071
215,1624
237,1432
393,1599
59,1133
97,1944
159,1752
87,1391
477,1774
326,2056
817,1858
314,1926
378,1726
124,1845
648,1973
39,1162
449,1818
856,2038
226,1882
93,1851
27,1718
936,2164
330,1529
400,2036
93,2063
86,1498
522,1950
275,2030
549,2019
323,2077
96,2139
519,1956
527,1920
330,1886
646,1692
485,1566
301,1606
318,1885
326,1929
56,1765
656,1803
331,1746
329,2105
24,2163
126,1999
609,1691
90,1299
131,1760
165,1921
50,2081
390,2039
15,2101
193,1952
42,1295
358,1516
435,2082
196,2200
99,1219
147,2228
89,1903
548,1606
165,1610
406,1607
26,2105
880,2110
876,2077
455,1830
283,1794
482,1685
63,1852
270,2111
946,2130
97,1656
336,1819
222,1811
235,1428
655,1864
633,1729
122,1644
426,1778
382,2155
84,1856
329,2165
255,1737
2,2183
527,1696
219,1808
7,2057
586,1749
763,1788
263,2047
120,1558
113,1399
60,2277
136,2046
248,2035
156,2153
694,2076
587,1706
95,1806
77,1416
294,2037
344,1499
121,2009
470,1774
615,1773
401,1688
30,1325
68,2261
530,1750
761,1837
73,1589
51,1960
43,1679
479,2093
257,2105
862,2044
340,2048
461,2007
158,1825
662,1728
649,1825
0,1602
157,1818
276,1429
60,1796
651,1932
20,1165
451,1756
385,1961
470,1777
489,2106
296,1716
298,1442
311,1785
839,1952
502,1854
489,1655
296,2037
457,2069
165,1582
843,1897
70,1689
29,1366
383,1882
397,2082
597,1877
663,1745
170,2156
97,1213
206,1777
196,1357
143,1779
75,2000
281,2038
70,1809
622,1849
83,1751
3,1816
390,1560
29,2008
606,2086
443,1637
287,2059
305,1430
117,1969
391,1558
52,1897
67,1979
8,1595
45,1598
326,1854
16,1741
201,1814
270,1796
898,2089
239,1712
337,1993
342,1708
35,1210
160,1550
114,1626
271,2133
44,2068
686,1999
127,1611
66,2256
151,1393
271,1570
581,1860
327,2001
383,1948
116,1728
430,2000
127,1511
322,1924
165,1818
423,1945
405,2096
479,1815
153,1966
61,1565
446,1769
13,1272
166,2032
513,1881
627,1932
112,1653
354,1542
111,1983
95,1849
32,1121
388,1606
1,1881
463,2020
785,1823
736,1986
881,1926
129,1969
184,1671
104,1722
161,1385
284,1725
538,1647
134,1353
260,2162
96,1234
240,2050
336,1807
520,1896
562,1777
462,2090
742,1743
44,1244
345,2039
109,1569
110,1523
27,1732
526,1841
39,1163
881,1900
744,1818
53,1238
66,1147
85,2238
195,1888
679,1999
602,1940
67,1168
747,1904
538,1680
767,1760
24,1369
769,1972
606,2095
175,1565
758,1990
501,1653
7,1436
540,1727
53,1100
278,2150
267,2207
313,1714
329,2127
32,1751
702,1841
963,2098
752,1906
125,2095
715,2047
710,2037
333,1950
911,2173
942,2105
58,1779
607,1715
324,1582
96,2078
16,1443
372,1920
111,1349
127,1677
4,2258
197,1574
88,1178
242,1995
400,1666
124,1917
451,1932
208,2047
332,1997
608,1649
515,1866
894,1942
314,1980
489,2104
445,1962
201,1857
72,1880
807,2111
549,1784
130,1578
322,1502
158,1539
392,1821
371,2058
242,1974
535,1965
713,1985
13,1625
95,2216
550,1806
214,1963
58,1937
453,1983
300,2063
734,1737
528,1960
620,1825
92,2235
107,1231
324,1758
218,1790
555,1946
606,1811
566,1762
141,1955
180,2105
365,1887
41,2083
89,2220
203,1645
332,2142
10,1153
257,1935
81,1933
91,1467
108,1536
309,1551
431,2126
3,1250
347,1619
27,1397
26,1347
544,1717
907,2043
571,2103
485,2082
475,2105
636,1745
848,1921
478,2033
444,2051
28,1048
47,1333
187,1451
344,1890
327,2000
41,1720
45,1090
386,1929
66,1261
800,1907
544,1814
96,1233
76,1377
106,1932
43,1246
708,1813
725,1788
181,1708
672,1966
381,2107
17,2281
337,1977
410,1519
134,2154
154,1843
562,1842
182,1618
675,2096
324,1459
289,1992
626,2044
232,1782
618,1716
854,2076
331,2028
263,1813
299,1975
594,1980
225,2005
238,1640
886,2080
268,2180
884,1998
904,2161
71,2208
887,1904
60,1968
796,1799
550,1879
67,1261
6,1678
375,1968
887,2148
638,1989
71,1214
722,2084
439,1903
150,1817
283,1912
253,2209
197,1486
211,1659
332,2026
205,1921
50,1562
372,2001
432,1850
393,2074
87,1606
118,1783
80,1316
157,2229
288,1589
108,1951
470,1904
394,1781
175,1330
139,1314
516,1613
261,1609
90,1706
18,2095
254,2030
118,1721
287,1552
63,2157
306,2158
65,1152
797,1844
569,1734
547,2048
40,1443
288,2147
480,1705
54,1178
751,1986
290,2081
102,1376
267,1452
254,1667
262,2132
165,2172
410,1905
148,1647
405,1873
333,1956
17,1883
0,2153
485,1942
347,1877
229,1788
55,1169
203,1822
527,1997
320,1662
1,2023
277,1804
99,2223
325,1777
353,1572
196,2018
593,1692
861,1872
630,1700
804,1818
304,2127
224,1608
709,1807
31,1758
39,1407
842,2093
518,1777
242,2068
481,1538
251,1889
104,2131
576,1836
760,1947
319,2020
246,1671
156,2083
843,1926
335,1810
778,1878
734,2093
103,1880
816,2045
615,2029
344,1863
522,1794
452,1696
388,2153
154,2168
640,1846
906,2064
17,1045
905,2074
434,2144
291,2153
253,2182
233,1933
320,1625
447,2080
557,2100
764,1756
748,1923
285,1653
291,2042
481,1782
424,2025
53,1367
335,2140
382,1798
556,2075
895,1964
387,1498
323,1525
330,1533
166,1857
464,1710
235,1426
107,2193
814,1812
382,2137
343,2163
333,1877
635,1883
23,1605
926,1924
126,1843
604,1743
839,1947
206,1963
421,1929
611,2070
499,1825
188,1518
234,2172
79,2012
845,1831
396,1931
228,1909
469,2074
179,2099
383,1526
126,2044
762,2044
31,1894
194,1703
52,2247
102,1808
346,1863
492,2081
30,1638
457,1766
478,1613
396,1949
79,2130
271,1507
478,1950
431,2098
522,1686
73,1322
536,1991
653,1988
505,2026
790,1838
154,2211
35,2316
306,1437
665,2005
98,2284
705,1889
425,2086
228,1408
61,1779
326,1604
296,2062
425,1666
221,1846
242,2087
663,2029
367,1782
325,2086
466,1712
197,1679
466,1642
100,1950
179,1678
194,1901
330,2063
301,1911
122,1786
195,1899
492,2033
536,1960
539,1938
781,1838
154,2061
222,1910
655,2057
302,1440
15,1679
615,2039
24,2239
208,1987
501,1955
529,1971
712,2031
477,1541
727,1755
814,1841
768,2023
236,1615
600,2051
697,2103
275,2203
646,2007
735,1807
195,1413
14,1899
1,1869
911,2069
514,2014
17,1255
713,1884
827,2056
337,1524
628,2064
324,1519
344,2056
358,1835
76,1397
420,1867
292,1868
907,1950
575,2073
572,1664
701,2074
131,1304
251,2129
461,1540
674,1771
613,1933
127,1925
770,1768
142,2092
524,1657
232,2221
146,1437
13,2072
884,2120
695,2023
223,2124
86,2166
334,1680
301,1694
179,1787
354,1805
274,1429
425,1674
415,2045
417,1587
966,2063
203,2179
268,1438
5,1250
138,1719
47,1662
340,1857
416,2106
87,2164
728,1860
23,1389
364,1679
380,1745
366,1994
33,2137
535,2035
182,2120
377,1553
40,1674
517,2038
164,2159
509,1581
93,1795
351,2044
8,2197
567,1836
270,1476
200,1451
100,2179
403,1752
327,1914
391,1565
775,1777
454,1759
485,1970
290,1438
56,1125
642,1705
750,1843
94,1235
113,1274
54,1967
79,1210
180,1420
630,1791
101,1627
341,1847
222,2161
36,1501
695,2003
196,2019
439,2111
587,1727
344,1973
251,2186
789,1902
409,1896
782,1995
198,2196
373,1825
722,1912
475,2072
668,1991
244,1417
210,2221
19,1926
614,1998
23,2080
235,2012
154,1367
47,1153
213,1617
621,2060
71,1834
91,1840
174,1392
670,1824
14,1480
67,2168
36,1552
358,1456
23,1572
612,1690
211,1905
762,2004
161,1558
563,1914
398,1813
209,1589
765,1951
475,2002
188,1726
488,1972
236,1445
438,1871
693,1904
503,1989
405,1854
178,1724
452,2006
167,2062
272,2056
326,1810
141,1554
123,2032
71,1678
197,1563
14,1450
78,2129
75,1590
406,2036
26,1163
549,1652
129,1547
471,2013
173,1930
814,2077
581,1915
343,1820
567,1809
485,2077
94,1672
578,1981
228,2181
549,2002
567,1912
201,1811
476,1700
1,1665
892,1927
875,2038
161,1689
601,1932
187,1620
81,2226
249,2159
220,1479
39,1188
29,1976
390,1984
546,1713
798,1831
284,1924
962,2081
562,1890
669,1794
161,2068
509,1846
41,1562
57,2187
19,1598
674,1958
878,2152
404,2045
13,2114
376,1756
442,1793
387,1700
104,1541
258,1584
832,1826
446,1835
231,1520
391,1729
459,1715
230,2208
781,1877
8,1417
384,1881
74,1364
94,2105
107,1597
108,1954
60,1815
755,1995
12,2178
508,1814
735,2035
675,1905
48,1527
99,1466
655,1782
35,2314
818,2008
542,1756
187,1633
106,2207
216,1905
10,1648
57,1378
435,2093
266,1779
169,2169
745,1960
127,1434
18,2030
542,1909
574,1804
69,1323
296,2063
799,2016
31,2313
422,1545
61,1605
528,1855
187,1913
629,1890
623,1743
224,1744
137,2159
83,2058
36,1119
59,1862
215,1879
191,1495
227,1440
616,2045
203,1818
454,1608
128,1535
16,1205
162,1371
166,1620
4,2126
627,2084
24,2324
202,2199
592,1740
455,1835
294,1918
312,1873
33,1252
322,1620
427,1872
314,1686
409,1522
523,1756
237,2217
213,1706
146,1876
509,1759
608,1898
255,2025
536,1780
449,1998
796,2047
291,1521
172,1584
389,1843
501,1812
372,1762
489,1648
48,1786
532,1768
560,2110
702,1966
362,2024
104,1817
392,1464
300,1541
253,2150
858,1998
375,2059
627,2035
22,1310
235,1793
693,1797
365,2069
81,1849
1,1603
393,2054
420,1894
373,1895
257,1973
267,1539
792,1804
769,1806
606,1662
394,1500
416,1712
705,1772
238,1428
146,1796
114,2254
778,2085
173,2099
248,1901
236,1592
224,1401
7,2040
513,1812
0,1888
261,1795
446,1646
478,2081
807,1996
72,1664
887,2160
3,1424
625,1671
873,2034
750,1858
416,1885
277,1418
702,1780
140,1522
182,1389
640,1868
583,1859
459,1746
668,1981
24,1375
665,1938
142,2146
208,2102
615,1880
437,1644
715,2065
175,2089
796,2084
583,2000
154,1640
548,1992
548,2047
596,2089
834,2066
370,1543
133,1431
14,2114
750,2121
394,1981
67,1426
199,1410
622,2006
687,1756
20,1799
206,1791
185,1587
541,1737
151,2012
337,1976
111,1517
25,1906
340,1620
245,1977
186,1536
839,1825
276,2095
367,1697
429,1729
145,2170
132,1899
640,1878
248,2216
632,1785
380,1764
762,2121
148,1799
428,1766
35,1531
169,1406
315,1812
920,1939
329,2027
75,2094
90,1575
355,1713
185,1765
584,2101
600,1984
87,2063
869,1944
765,1797
267,2164
241,1990
97,2083
321,1824
750,1784
86,2193
41,2003
883,1962
220,1515
728,2087
505,1699
568,2024
251,1477
428,1691
303,2040
348,1764
49,1559
431,1903
542,1836
108,1923
436,1678
14,1714
188,1583
768,1771
377,1808
715,2058
533,1721
65,1313
481,1900
140,1715
373,2108
129,2159
303,1934
18,1170
596,1975
70,2281
599,1863
207,1723
282,1897
66,1943
48,2009
646,1739
130,2266
124,1906
384,1838
16,1412
371,1692
427,1652
563,1820
196,1749
207,1493
11,1569
130,2256
6,2237
467,2011
116,1390
683,1808
300,2027
243,1634
109,1508
746,1775
911,1946
142,1371
273,2121
521,1730
306,2168
483,1622
289,2108
845,1873
66,1256
655,1888
377,1732
178,1507
153,2057
855,2142
208,1649
293,1912
271,1861
237,1758
432,1521
228,1571
139,1577
689,2061
32,1554
257,2010
867,1922
393,1747
6,1015
436,1890
232,1993
167,2203
73,1851
612,1918
336,2040
76,1625
96,1568
7,2086
379,1543
367,1847
488,1605
340,1501
98,1609
465,1525
879,2008
50,1886
503,1609
241,2156
124,1958
218,1792
170,2095
97,1679
445,1775
566,1840
274,1770
197,1779
222,1754
188,1727
408,1588
55,2307
15,2028
310,2082
54,1615
438,1617
503,1800
257,1847
916,2004
570,1879
205,1502
129,1678
324,1786
151,1624
127,1294
683,1718
357,2101
160,1485
250,2146
124,1594
460,1587
445,1988
617,1962
577,1977
116,2082
56,1907
279,1886
636,1811
28,1353
167,1693
301,1730
152,1650
531,1615
588,1965
514,1752
333,1675
482,2130
62,1766
753,2013
646,1770
240,1939
248,2100
407,1654
72,2005
44,1403
411,1869
187,1524
285,1671
14,1593
650,1960
372,2058
175,2035
0,2152
223,1478
74,1478
199,1377
265,1452
812,2042
383,1638
344,1734
662,1903
854,2125
222,1772
396,1885
279,2053
25,2324
59,1136
469,2065
563,1799
352,1852
317,1839
236,1886
105,1861
794,1999
453,1940
397,1578
282,2057
146,1682
419,1990
260,1685
608,2052
150,1486
458,1640
764,1791
450,1809
211,1655
231,1607
66,1619
931,2111
163,1548
496,1904
474,1872
462,1613
778,2107
395,1755
175,1617
347,1601
616,1830
215,1515
436,1899
123,2254
259,2112
2,1283
335,1453
42,1141
38,2037
507,1696
44,1469
514,1546
438,2029
501,2088
139,1668
385,1465
911,2041
708,1733
445,2014
321,1503
378,2047
1,2190
243,2211
479,2118
447,1880
619,2005
299,1489
686,2032
427,1658
240,1739
313,1544
72,1644
231,1599
415,1858
179,1765
569,1738
733,1947
139,1815
42,1231
595,1816
684,1790
241,1671
8,1352
217,1707
340,1489
410,2119
759,1948
764,1990
802,1865
204,1432
42,1195
511,1800
879,1934
469,1598
6,1003
543,1848
913,2050
438,1609
850,2133
191,2011
810,2120
115,1747
539,2091
708,1851
105,2109
708,2072
230,1727
495,2064
174,2243
605,1814
304,1476
671,1826
456,2064
566,2049
147,1701
155,2229
910,2107
421,2136
450,1643
52,1983
479,1748
96,1290
123,1488
618,2002
270,1606
695,1990
305,1780
784,1832
78,2006
403,1978
623,1947
374,1661
3,1877
253,1910
486,1989
604,1819
30,2064
48,1252
669,1722
683,2025
72,1403
718,1921
15,1124
234,1750
222,1582
573,1765
82,1830
67,1187
270,1966
161,1394
207,1490
752,1894
158,1370
553,2007
201,1980
819,2020
560,2080
400,1909
478,2111
450,1607
330,1609
230,1638
74,2003
10,2084
609,1730
789,2043
108,1358
143,1952
148,1887
814,1935
26,1747
249,1690
40,1575
664,1982
146,2165
31,1785
374,1452
451,2059
161,2133
207,1747
555,1603
839,1926
361,2142
337,1575
103,1333
133,1878
541,1736
252,1874
413,1792
45,2198
372,1847
23,2139
24,1738
209,1907
374,2133
242,2171
606,1823
12,1879
317,1826
152,1550
488,1731
338,1928
6,2035
670,2025
716,1942
716,1812
576,2085
467,1870
284,2021
440,1691
560,1762
311,1431
454,2122
34,1561
386,1722
205,2050
402,2044
387,1563
348,1759
308,1700
393,1584
221,1572
407,1849
114,1901
525,1884
242,1464
102,1780
593,2053
745,1917
205,1419
225,1965
929,2017
673,2017
193,2129
25,1099
95,2020
268,1929
922,2128
435,1888
96,1665
901,2078
657,1816
384,2137
431,1644
202,2119
682,2049
3,2298
157,1534
791,1818
739,1782
203,1566
27,2093
282,2096
217,1674
311,1969
591,2086
115,1803
609,2049
281,1684
234,1485
259,1573
601,2044
500,1966
31,1852
23,1789
17,1117
536,2116
292,2053
438,1626
508,1703
68,1471
68,2197
298,1627
532,1630
688,1816
71,1827
335,1961
83,2029
176,1393
353,2065
162,2038
228,1879
15,1598
812,1837
478,2058
265,1790
791,1976
207,1866
422,1851
736,1976
226,1628
480,1577
205,1929
339,1860
1,1100
764,1771
53,1924
79,2002
851,2069
141,1567
101,1255
189,1777
27,1455
362,1749
10,1347
351,1751
797,2123
640,1880
706,1809
257,1714
322,1787
455,1877
491,1963
296,1737
770,1835
7,1386
56,2102
293,1985
213,1836
473,1701
616,1656
667,1785
37,1521
915,2075
899,2085
582,1735
463,1669
53,1192
97,2147
172,1958
264,1828
266,2161
263,1742
285,1792
92,1740
239,1718
20,1314
353,2052
23,2242
127,1486
456,1835
731,1986
2,2311
90,2211
105,1858
917,1985
448,1593
663,1925
310,1612
94,2057
651,1875
393,1454
263,1736
56,2027
214,2093
73,2081
157,2031
236,1729
872,2117
462,1874
36,1239
191,2116
270,2150
27,1249
13,1523
18,1111
318,1993
129,2010
142,1982
631,1694
464,1739
40,2124
39,1867
326,1527
25,1915
269,1711
11,2127
353,1796
629,1754
611,1942
636,1784
115,1944
49,2248
256,1891
578,1816
64,2043
263,2062
484,1853
345,1716
631,1739
25,2063
10,2252
112,1696
868,1974
226,1823
129,2118
45,1649
124,2105
255,1631
102,1915
254,1456
256,2034
69,1681
187,1601
129,1719
810,1978
498,2123
587,1702
655,2040
583,1959
253,1817
14,1466
530,1790
584,1920
870,1955
103,1565
104,2170
137,1692
142,1807
546,1718
84,1939
425,1621
577,2054
391,1740
3,1352
317,1546
393,1957
678,2009
113,2226
73,1614
501,1666
37,1929
390,1649
248,1630
67,1303
944,2101
614,1838
327,1897
142,1338
40,1704
2,2143
513,2117
299,1748
55,1875
110,1858
136,1478
577,2089
12,1372
781,1875
765,1765
94,1803
105,2050
637,1948
500,1680
624,1892
124,2138
358,2083
402,1590
750,1946
189,1736
699,2005
758,2007
394,1916
587,1986
718,1768
2,2269
26,1314
761,1772
227,1968
268,2146
272,1667
768,2058
52,1550
392,1976
777,1817
111,2257
840,2037
389,1605
590,1763
403,1830
362,1530
232,1840
412,1755
661,2053
446,1693
190,1906
363,2157
33,1859
152,1435
327,2007
436,1803
897,1939
650,1768
72,1155
489,1542
202,1480
861,1985
539,1996
439,1643
370,1508
716,2075
145,1902
681,2049
223,1412
372,2094
642,1953
84,1670
224,1603
107,1697
434,1709
241,2049
827,1959
684,1937
181,1529
127,1626
921,2134
12,1434
112,2168
8,2155
99,1890
351,1573
53,1951
190,1846
238,1550
706,1931
74,2173
131,1532
66,1361
499,1866
301,1537
267,2013
518,1587
6,1979
141,1865
314,1508
454,1693
247,1842
831,1843
500,1878
55,2170
84,1799
727,2118
139,2086
736,1796
419,1793
628,1976
467,2041
334,1493
25,1997
3,1720
595,1733
203,2039
398,2130
459,1815
210,1447
267,2143
306,2008
419,1522
88,1649
242,1733
721,1776
141,1961
556,1887
209,1384
2,1617
684,1959
585,1954
451,1727
282,1806
13,1419
12,1994
47,1327
174,1325
902,2031
432,1986
416,1489
237,1629
360,1740
241,1520
419,1850
430,1717
255,2068
168,1928
499,1584
510,2069
118,1553
437,2033
412,1796
798,1942
561,1914
657,1947
77,1580
564,1960
78,1548
904,2076
119,2117
133,2173
186,2080
62,1939
97,1523
87,2162
873,1896
278,1861
103,1422
463,1744
611,2016
110,1924
645,1895
117,1989
20,2170
7,1131
9,1440
487,1618
465,2137
841,1840
543,1956
648,1772
370,1527
808,2125
948,2139
29,1117
7,1278
479,1699
246,1885
7,1679
115,1304
584,2100
799,1878
326,2019
64,1581
144,2137
107,1675
444,1666
272,2089
76,1863
439,1509
248,1424
859,1988
14,2009
490,1999
519,2016
114,1586
556,1827
197,1385
435,2109
363,1667
749,1798
917,2175
111,1775
58,1769
773,1927
618,1923
917,2091
667,1754
306,1603
168,2240
125,1349
611,1710
67,2192
224,1988
119,1949
260,1767
845,2140
558,1668
434,2050
344,1645
901,2139
146,1449
55,1827
170,2186
39,1790
8,1257
38,2162
803,2077
158,2130
718,1755
83,1238
510,1618
85,2262
546,1759
80,2288
853,2121
237,1855
566,1831
38,1507
683,1774
125,1926
566,1845
581,2084
148,2058
383,2135
104,1281
138,2154
216,2193
236,1765
82,2064
439,1940
763,1899
60,2304
435,1652
266,1634
315,2137
284,1510
166,1862
613,1900
416,1602
326,2022
554,2073
469,1740
9,1054
336,1966
569,1982
71,1638
157,1722
168,2049
403,1861
526,1896
48,1854
876,1994
32,1266
307,1456
765,1837
56,1444
14,2067
21,1670
403,1735
346,1792
194,1836
9,1701
45,1171
895,2097
20,1078
23,2305
887,2112
389,2078
501,1971
268,1476
706,1857
854,2124
216,1846
129,2029
196,1412
205,1723
143,1637
184,1924
484,1855
427,1728
603,1875
725,2078
449,1804
47,1989
371,1960
105,2186
787,1939
222,1544
401,1758
330,1594
253,1884
314,1633
583,1727
200,1865
790,1814
514,1782
247,1639
725,1873
128,1707
423,1774
433,2004
111,1970
234,1872
362,1602
397,1714
511,1580
410,1565
93,1965
250,1585
25,2183
526,1868
412,1585
712,1882
118,1973
908,2134
677,1840
86,1554
68,1630
18,1771
917,2027
377,1788
140,1496
231,1932
734,1807
852,2146
252,2110
565,1905
524,1748
411,2122
107,1601
875,2005
640,1933
825,1992
507,1643
437,1594
415,1597
641,1756
683,1767
179,2249
118,2194
838,1923
273,1553
118,1627
234,1625
99,1788
557,2089
583,1804
313,2143
506,1983
82,1503
29,2296
219,1549
790,2088
190,1992
491,2027
776,1930
309,1782
726,2029
570,1794
451,1954
69,1312
57,1395
43,1257
74,1810
484,1649
291,2168
391,2144
694,1907
207,1411
77,1471
109,1221
798,1776
420,1947
392,1507
120,1824
343,2109
341,1750
86,2262
111,2206
681,1713
105,1464
77,2109
135,2062
423,2021
131,1775
505,1751
335,1875
417,1878
526,2056
159,1821
246,1695
198,1399
857,2095
535,1776
41,2280
479,1577
434,1574
786,1944
353,1779
3,1462
542,1824
440,1936
684,1731
44,1889
513,1605
896,1915
547,1903
128,1592
407,2124
112,2074
182,1994
362,1846
98,1751
49,1285
355,2102
563,1863
763,2022
206,1983
23,1834
825,1966
356,1758
204,2093
56,1483
145,1718
358,1780
3,2147
145,2129
92,1466
36,2241
426,1903
817,2059
21,1637
56,2112
584,2086
238,1989
442,1531
213,2061
756,1962
918,1951
38,1822
127,1963
32,2103
104,1994
748,1979
258,1561
587,1653
39,1420
365,2082
681,1906
601,2042
631,1773
55,2232
457,1593
337,2075
88,1452
9,2125
594,1791
674,1722
468,1986
13,1601
374,2004
780,2124
273,1719
472,2107
267,1885
562,1649
492,1853
431,1783
293,2171
336,1930
87,1960
527,2040
618,2010
479,1773
462,1580
206,1442
418,1747
531,1658
593,2027
95,1763
40,1845
290,1465
66,1437
408,2111
331,1451
587,1860
230,1477
116,2029
569,1716
640,2010
884,1980
198,1639
158,1333
150,2044
374,1609
627,1855
470,1577
101,1856
750,1884
764,2089
395,1851
493,1839
266,1488
481,2040
204,2174
247,1928
580,1911
357,1860
9,1141
251,1803
395,1898
11,1412
26,2206
49,2051
912,2133
601,1852
164,2119
252,1667
356,1890
655,1842
281,1956
85,1529
723,1809
511,1551
50,1946
66,2192
144,1866
342,1573
372,1741
212,1506
33,1192
528,1611
214,1671
214,1883
327,1813
124,1361
584,1811
358,1886
948,2049
191,1725
83,2128
95,2207
410,2127
188,1423
183,1369
624,1848
766,1797
672,1799
122,1698
59,1283
460,1726
359,2025
701,1971
402,1972
423,1635
559,1885
464,1816
54,1651
27,2004
185,2137
244,2144
343,2174
745,1970
684,1838
295,2142
62,1528
402,1823
610,2023
349,1981
5,1254
903,2158
766,1975
674,2064
133,1393
53,1164
77,2213
157,1417
651,1883
423,2123
948,2081
370,1992
669,1742
83,1578
71,2264
92,1462
7,1469
263,1814
262,2193
550,2014
280,1605
343,1975
823,1876
490,1661
862,2055
366,1963
240,1444
792,1879
59,2160
94,1459
720,1897
36,1496
662,1945
378,1853
897,2103
93,1184
344,1561
759,1848
152,2134
449,2039
378,1704
242,1582
360,1920
469,2121
973,2111
467,2078
892,2088
80,1460
689,2101
46,1599
423,1514
92,1785
545,1865
766,2042
170,1416
77,1573
34,1180
875,1872
267,1459
334,1452
180,2043
35,1766
390,2020
109,1641
871,2074
298,2180
423,1657
43,2142
261,1584
69,1904
803,1981
544,2012
162,1411
130,1592
270,1424
429,2089
5,2304
766,1866
104,1230
474,1941
493,1652
362,1976
382,1467
867,1872
434,1546
804,2105
53,1689
608,1638
444,1980
791,1815
160,1611
20,1142
169,1389
258,1490
56,1205
97,1840
358,1698
55,2094
92,1899
132,2211
517,1593
290,1703
26,1239
536,1596
686,1875
66,1520
381,2050
71,2298
243,2091
535,1771
29,1984
725,1814
309,2127
534,1773
79,2295
530,1719
224,1739
379,1720
10,1462
90,1426
91,1935
912,1984
942,2147
28,1263
179,1400
390,1694
122,1541
122,2050
241,1805
465,1662
300,1573
142,1340
217,1429
237,2015
91,1745
850,1903
63,2138
585,1926
151,1888
498,1848
509,2014
116,1678
285,1595
118,1984
168,1395
595,1825
106,1271
365,1558
334,1917
648,1761
348,1589
596,1775
73,1820
14,1514
801,1946
247,1641
493,1820
117,2262
528,1971
199,1812
79,1543
208,2136
241,1453
249,1790
405,1839
619,2098
723,1750
814,2018
400,1828
828,2088
255,1423
24,1658
803,1929
113,1250
322,1614
546,1655
73,1694
425,1676
938,2134
372,1883
169,1643
152,1706
305,1493
697,1893
691,1801
35,1908
431,1693
281,1944
583,2070
298,1672
56,1167
46,2043
11,1590
142,2170
144,2157
901,2161
127,1730
186,1706
765,1888
73,1954
259,1581
234,1471
37,1568
864,2049
347,1742
368,2040
417,1549
197,2002
470,1590
162,1851
237,2230
164,1988
311,1602
94,1506
91,1636
700,1956
25,1123
814,1866
748,1873
450,1957
259,1937
680,2002
284,1885
157,2166
99,2271
340,1652
145,1734
745,1989
526,1912
353,1772
493,1830
821,1988
385,1730
353,1804
728,1873
414,1741
247,1793
144,1403
62,1199
26,2325
660,1780
73,1876
473,2080
648,2068
364,2056
519,1545
212,1799
146,2056
309,1882
156,1646
869,2041
926,2039
33,1990
24,1492
228,2141
376,2147
442,1701
796,1978
800,1838
686,1976
466,1679
392,2152
668,2054
292,1927
714,1949
90,1905
43,2129
573,1995
536,1785
74,1458
117,1277
100,1203
610,1988
321,1529
92,2055
442,1528
190,1856
415,2013
641,1784
294,2114
69,2047
510,1707
721,2100
175,2140
495,1934
38,2222
23,1342
488,1975
958,2049
508,1802
260,2220
219,2018
581,1841
129,1353
159,2157
448,1911
167,1502
653,1927
70,1263
652,1783
707,2087
297,1971
105,1553
787,1823
556,1627
222,1661
324,2098
187,1780
728,1739
255,1904
363,1538
532,1939
174,1580
186,1680
441,2087
101,1833
792,1984
644,1681
183,1965
673,1875
201,1552
630,1991
661,1888
185,1822
589,1620
861,2010
108,1492
420,1708
224,1434
683,1978
759,1867
112,2231
594,1628
194,1687
210,1905
294,1576
238,1959
808,2015
761,1942
221,1986
702,2088
126,1646
152,1605
840,1923
906,1977
278,1465
10,2212
52,1202
18,1554
146,1562
474,1645
763,1947
87,1462
67,1601
443,1647
282,1537
18,2207
570,1991
859,2133
873,2137
248,1516
849,1856
624,2023
344,1563
708,1797
788,1944
948,2116
698,2051
84,1384
70,1781
36,1207
506,2083
345,1958
216,1608
419,2150
91,1488
191,1473
605,1977
225,1478
672,1725
435,1986
687,1842
698,2019
526,1920
549,1842
64,2140
17,1698
628,1789
820,1843
74,1771
892,2091
234,2141
531,1729
413,1636
270,1583
64,1612
159,2124
321,1995
476,1923
734,2114
126,1363
205,1986
438,1792
646,1761
195,1687
759,1808
268,1681
237,1606
302,1894
70,1895
516,1951
607,1998
559,1646
177,1766
366,1786
202,1891
755,1810
265,2108
204,1736
417,1550
821,1838
963,2073
89,1683
19,1532
77,1923
339,1629
321,1816
31,2108
249,2061
532,1636
851,1852
753,2025
350,1927
655,2102
175,1600
286,2130
58,1396
808,2048
280,1825
511,2065
498,1558
44,2063
12,2101
374,1908
1,1652
647,2095
254,1820
429,1553
342,2066
154,1909
187,1540
138,1634
336,2177
65,1834
471,1761
28,1836
504,1748
358,2084
946,2036
25,1623
618,1854
176,1454
58,1647
30,2131
52,1932
238,1568
93,2109
782,1971
383,1481
434,2127
352,2178
181,1423
348,2020
96,1453
520,1783
568,2014
465,1575
69,1490
377,1919
631,2041
198,2031
559,1728
818,2035
143,1915
746,2099
32,1364
667,1756
769,1763
278,1502
777,1960
492,1632
270,1686
112,1501
804,1993
342,2151
159,2211
31,2078
126,1507
319,1904
107,1760
336,1741
423,1719
571,1959
612,2005
383,2086
185,1651
336,1905
280,2140
176,1763
382,1451
538,1977
809,1989
41,1833
398,1681
202,1765
223,1793
119,1875
6,1238
99,1796
211,1439
422,1797
573,1882
48,1898
600,1713
374,1750
22,1376
65,1378
226,1497
292,2056
26,2013
143,1810
171,1894
300,1518
73,1660
145,1851
696,1985
937,2044
54,2057
757,1750
731,2016
135,1767
106,1857
512,1557
170,1656
788,1775
27,2257
3,1791
78,1388
113,1482
58,1627
549,1710
107,1869
209,1706
156,1373
172,1508
718,2116
737,1956
22,1458
76,1648
562,2066
154,1344
318,1779
324,1445
617,2097
823,1997
195,1436
615,1797
266,2167
715,1915
181,1369
199,2146
509,1628
343,1798
449,1708
387,1821
891,2028
169,2201
211,2159
273,2082
87,2093
335,2130
381,1772
21,1615
28,1234
533,2028
522,1832
93,1358
550,2079
153,1891
400,1686
64,1978
239,1450
181,2220
182,1586
294,1721
75,1458
524,1764
246,1596
580,1653
72,2087
232,2036
211,1532
886,2065
149,1571
80,2127
822,2061
10,1350
487,1813
531,2112
191,1963
486,1821
190,1384
274,1541
588,1995
118,1910
125,1477
571,1967
926,1943
789,1908
80,1928
336,1579
305,1694
526,2078
78,1279
452,2021
204,2163
235,2070
138,1982
455,2089
38,1129
392,2091
143,1721
196,1394
911,2017
266,1792
110,1316
497,1970
39,1135
208,1927
718,1903
10,1770
640,1706
365,1835
67,1253
295,1780
816,1994
610,1893
310,1721
530,1825
226,1733
305,1618
688,2016
456,1608
204,2156
870,2047
477,1579
428,1554
466,2082
26,1786
236,1410
20,1268
33,1219
407,1489
765,1771
722,2063
17,1077
129,1508
835,1998
84,2024
254,1927
624,1730
909,1922
408,1901
189,1963
90,1907
518,1995
356,1475
215,1809
374,1639
318,2155
458,1621
190,2103
557,1649
187,1612
731,2008
382,1517
663,1762
149,1913
523,1939
748,1961
19,1054
24,1255
218,1473
9,1331
155,2145
875,1913
96,1563
795,1838
31,1981
224,1488
692,1943
564,1835
755,1836
831,1905
568,2066
80,1245
24,1637
127,1990
114,1990
68,2116
475,1568
547,2031
69,1348
177,1911
55,1602
408,1657
15,1262
365,1618
556,1718
240,1750
161,1995
518,1827
19,1259
573,1709
152,2213
405,1981
250,2170
10,1408
402,1651
116,1574
490,1581
602,1900
132,1997
24,2131
658,1836
299,1873
1,1550
269,2185
96,1276
183,1762
265,1469
381,1834
177,1648
920,2004
36,1820
91,1726
63,1621
134,2170
514,1965
41,1224
847,2037
391,2041
223,1609
916,2164
840,1894
85,1182
443,1879
528,1807
6,1705
201,2177
381,2120
634,2004
236,2166
234,2121
75,2116
243,1788
351,1478
46,1546
358,2079
305,1607
172,2105
132,1267
886,1963
187,1754
135,1281
154,1308
77,2053
181,2233
10,1654
296,1533
244,1864
36,1157
189,1887
305,1778
648,2083
65,1863
721,1821
134,2208
64,1575
29,1307
175,1503
690,1812
66,2004
106,1886
304,2111
815,1808
810,1828
481,1614
684,1718
33,2047
176,1979
153,1777
513,1976
3,1641
391,1639
189,1622
333,2082
173,2198
58,2174
607,2001
319,2093
108,1573
484,2051
495,2067
63,2274
517,2116
880,1877
161,1939
251,2053
11,2000
452,1999
88,1999
50,1578
131,1482
789,1798
307,1492
746,1911
280,2204
61,1345
249,1935
846,1897
740,1959
404,1846
65,1387
237,1755
895,2027
106,1730
112,1591
75,2141
303,2053
911,2034
188,2077
151,2231
331,1636
619,1775
3,1377
165,1903
265,1798
33,2301
151,2253
320,2111
191,1865
954,2046
261,1862
531,1708
240,1619
428,2010
226,1511
823,2069
474,1538
655,1773
216,1967
728,2111
614,1741
253,1536
457,1755
356,2002
255,1610
18,1363
464,1883
768,1926
90,1405
196,2159
464,1872
272,1604
586,1669
234,1935
853,2019
618,2043
398,1662
50,1543
834,1849
77,2196
134,1615
88,1379
566,1668
822,1903
37,1666
115,1613
496,2064
617,2093
351,2078
228,1528
21,2126
52,1183
293,1880
401,1561
14,1262
151,1681
918,1991
281,2179
254,1510
744,1898
98,1727
194,1441
342,1882
214,1871
418,1973
566,1944
781,1886
459,1603
359,1702
43,1467
253,1965
302,2149
605,1718
482,1848
85,1927
356,1970
819,1942
42,1280
1,998
2,2184
209,1503
93,1403
866,1954
284,2128
0,2116
486,1555
923,2103
96,1404
123,1892
344,1965
224,1767
64,1958
55,1911
111,1667
282,1968
81,1486
254,2219
31,1091
612,1664
834,2083
171,2219
843,2040
319,1764
539,1649
246,1997
337,2103
47,1964
199,2205
304,1983
658,1933
344,2178
360,1771
375,1500
48,1897
537,1641
259,1452
849,2144
422,1722
494,1806
223,2079
302,2046
142,1781
60,1572
662,1967
96,1829
507,1799
293,1443
16,1492
6,2218
179,1338
367,1596
472,2040
149,2177
39,2005
146,1795
257,1721
566,1967
327,1908
300,2195
326,1525
22,2215
692,1810
169,1806
367,2074
443,1974
574,1974
508,1694
458,1986
51,1852
445,1740
46,1149
691,1879
518,2113
369,1930
34,2175
141,1743
516,1805
853,2099
130,2214
112,1262
944,2128
824,2125
263,1651
99,1216
568,1932
762,1891
764,1894
69,2085
612,1927
117,1295
268,2030
641,1734
401,2057
25,2200
136,1663
15,1287
625,2047
48,1962
416,1962
582,2052
758,1772
157,1867
291,2183
484,1722
259,1940
475,1560
693,1809
147,1399
539,1601
56,1824
389,1456
456,1997
176,1505
62,1406
448,1706
94,1357
151,1392
102,1744
405,1711
607,1832
204,1814
122,1738
192,1792
393,2138
361,1616
301,2110
351,1548
491,1749
459,1945
314,1800
12,1872
471,1782
139,1587
459,1551
581,1991
225,1546
170,1898
85,1224
187,2033
82,1401
703,1828
60,1547
152,1846
61,1405
342,1479
497,1857
282,1796
124,2087
757,1797
169,1324
155,2034
317,2000
702,2006
64,2027
124,1706
486,1565
496,2105
216,1800
63,1736
373,1545
313,2170
66,1161
557,1586
436,1511
387,1680
347,1899
336,2055
648,1768
29,2069
869,1989
469,1951
505,2033
889,1893
593,1973
503,1796
415,2022
460,1889
513,2027
607,1945
253,1634
321,1605
602,1686
517,1944
304,1928
351,1924
917,2177
424,2029
703,1969
31,2196
816,1935
525,2032
388,1537
63,1453
79,1874
482,1558
715,1851
188,2137
671,1734
684,1893
67,1839
483,1833
666,2083
554,1754
221,1495
625,1683
9,1821
331,1480
423,1716
70,2010
387,1572
192,2030
702,1822
743,2113
181,1543
913,2023
90,1321
503,2116
119,2144
160,2151
16,1241
114,1703
134,2038
112,1931
682,1900
546,1934
428,1556
37,2306
128,1518
155,1786
668,1845
158,2226
274,1795
57,1288
268,2148
540,1654
342,1525
364,1777
368,1521
7,1317
38,1919
148,2197
732,1754
926,2019
656,2041
907,2079
928,2006
369,2038
403,1671
334,1797
247,2200
803,1812
479,1856
817,2045
310,2005
139,1762
8,1013
686,2006
364,1923
357,1890
84,1340
732,1846
95,2265
43,1215
236,1494
541,2085
734,1796
142,2008
807,2061
622,1799
13,1412
800,1977
84,1373
910,2097
499,1738
334,2072
524,1816
927,2023
472,1637
708,2103
687,1963
83,2007
208,2124
530,2072
709,1815
253,1682
519,1986
457,1688
141,1342
372,1744
512,2082
179,2146
587,2033
111,2036
156,1450
228,1837
884,2085
153,1605
390,1995
3,1286
773,1935
158,1467
825,1810
187,1420
618,1780
433,2121
127,1547
235,1940
114,1592
148,1749
485,1627
269,1682
604,1855
253,1858
128,2110
76,2141
365,1636
364,1731
496,1853
189,1675
48,1286
485,1891
6,1625
465,1987
698,1727
626,2062
283,2168
327,2152
15,1662
81,1180
161,1676
315,1444
171,1918
11,1211
719,1826
595,2003
164,1971
201,2080
277,1820
144,1839
622,2018
356,1456
357,2177
106,2147
1,2331
85,1172
267,1802
387,1761
340,1540
90,1496
183,1792
178,1458
531,1958
46,2032
709,2097
363,1840
439,1491
9,1120
228,1977
184,1571
174,1760
283,2178
218,1562
67,1525
472,1867
445,1736
160,1451
731,1923
460,1791
93,1265
305,2082
398,1845
173,1769
291,1838
242,1548
129,1755
90,1390
366,1480
410,1863
241,1562
510,1926
190,2164
830,1938
311,1783
68,1637
685,1726
170,1829
64,2162
394,1613
574,1878
251,1959
322,1931
396,2027
340,1929
403,2121
287,1481
229,1564
294,1877
539,1742
438,1857
164,2193
550,1972
218,1428
627,1917
257,2014
307,1738
584,2053
954,2138
15,1558
187,2251
9,1571
740,2060
20,1617
343,1985
9,1825
485,1691
490,1648
369,1887
335,2096
274,2084
102,1930
22,2054
587,1899
741,2030
400,1699
55,1793
538,1978
514,1810
277,1934
33,1644
516,2096
451,1507
421,1856
84,1664
568,1934
406,1916
189,1910
310,1763
30,1419
42,1768
306,2177
124,1329
67,1717
291,1698
205,2085
472,1967
171,1594
153,1715
93,1642
250,1706
13,1346
626,2018
628,1844
428,1682
599,1959
613,1668
75,1901
68,1758
614,1837
883,2143
583,2072
29,1937
384,2156
439,1772
3,998
72,1144
267,2185
294,2163
240,1706
816,1842
149,2062
903,1965
351,1468
405,1605
375,2050
699,1925
855,1927
816,2121
283,1829
524,1610
509,2118
20,1092
268,2178
354,1672
207,2003
614,1680
214,1954
287,1640
818,1951
508,1671
290,1903
674,1970
27,1122
32,2045
275,1617
26,1771
647,2003
601,1829
424,1558
445,1492
167,1802
175,1936
50,1699
376,1713
228,1773
170,2152
324,1866
57,1572
253,1783
286,1654
176,2031
366,2175
424,2148
378,1494
332,1582
587,1922
766,1857
585,1762
615,1930
709,1938
927,1935
430,1843
625,1923
940,2159
470,2131
188,1569
132,1374
913,1994
534,1975
154,2242
381,1819
131,1428
542,1833
224,1862
648,1982
608,1751
448,1866
192,2180
757,1781
252,2212
520,2062
71,1973
576,1894
266,1453
437,1612
930,2114
791,2069
650,1936
820,2112
602,1652
125,1609
121,1930
22,1843
121,1990
627,1963
501,2121
563,1868
652,1717
180,2080
37,1773
185,2243
283,1988
11,2109
363,1960
312,1448
300,2070
170,1755
420,1621
629,1757
105,1851
36,2299
326,2079
278,1942
206,1545
277,1833
54,1875
163,2197
705,1782
623,1882
482,2062
63,1705
631,1900
363,1997
597,1759
569,1687
180,1555
779,2025
729,1807
197,2188
217,1519
106,1860
92,2281
237,1747
55,1903
590,2003
715,1856
78,1248
331,1919
708,1935
319,1928
366,1868
181,2191
250,1664
178,1374
324,1586
337,1770
110,2123
507,2071
424,1640
375,1913
867,1961
143,2114
591,1731
694,1849
262,2183
393,1738
708,1818
353,2061
192,2016
505,1620
349,1490
236,2138
278,2155
519,2039
699,2064
72,1405
471,1768
211,1422
444,1900
473,1644
730,2073
57,1744
48,2055
301,2192
608,1742
665,1737
113,1687
614,1729
147,1999
205,1764
583,1717
158,1691
548,1748
153,2204
558,1621
393,1769
343,1641
811,1786
581,1664
938,2029
508,2076
401,1593
854,1960
21,1480
531,1619
332,1824
1,1405
725,1879
41,1507
107,1213
44,2190
286,1848
65,1440
1,2063
609,1832
451,2089
156,1949
751,2080
800,1824
39,1408
299,1602
665,1889
447,1939
406,1529
128,1935
366,2139
462,1629
172,1369
145,1932
425,1644
677,2098
75,1975
235,1917
55,1540
298,1980
49,2294
298,1795
136,2031
116,1551
324,2091
718,1789
310,1649
678,2086
417,1801
113,2262
121,2050
28,1177
109,1303
173,1733
77,2026
467,1651
14,2280
329,1501
141,1757
34,2320
515,1615
322,1574
17,1030
119,1685
771,1939
321,2113
292,1642
132,1953
324,1969
827,1947
323,2024
368,2039
294,2043
207,2076
189,1962
260,1490
11,2118
27,2216
112,1416
585,2092
102,1890
607,1888
135,2237
30,1980
79,2284
202,2221
937,2135
231,2034
464,2101
259,1807
353,1776
379,1798
97,2137
531,1861
24,1044
889,2057
91,2095
463,1816
346,1763
297,1744
829,1860
263,1701
935,2115
17,1308
163,1893
133,1710
444,1530
139,1975
538,1948
55,1120
161,2030
511,1754
359,1469
196,1941
322,1528
373,2129
707,2075
336,1891
52,1228
174,1786
58,2170
495,1592
743,2064
639,1785
320,1480
786,1917
429,2121
265,1413
223,1427
737,1844
143,2106
781,1942
61,1488
320,1932
32,1715
99,1664
631,1743
437,1805
777,1819
151,2134
233,2164
341,1511
781,1910
501,1810
46,1540
461,1959
128,2259
192,1505
10,1239
748,1765
458,1743
78,1708
27,2244
320,1936
401,1840
135,2101
125,2031
676,1988
226,1681
462,1894
121,2184
54,1160
442,1756
329,2022
270,1932
855,2146
122,1451
624,1687
668,1751
182,1812
815,2114
185,1364
400,1661
29,1204
33,1991
94,1545
0,2185
446,1549
108,1337
793,1946
65,1696
121,1657
149,1992
802,2027
97,1324
398,1949
297,1745
486,1784
496,2044
329,1630
213,1990
433,1654
539,1804
232,1846
555,1661
356,1808
510,1907
80,2232
88,1702
351,1898
29,2055
938,2045
917,2159
249,1715
361,1827
171,2190
344,1653
542,1611
26,1796
480,1549
862,1896
192,1555
323,1822
437,1770
795,1824
509,1583
448,2054
65,1753
591,1832
432,1927
276,1501
533,2054
548,1828
459,1759
295,1755
340,1655
85,1693
814,1990
871,2148
326,1511
341,2032
691,1936
25,1780
114,1561
193,1754
28,1380
865,2037
171,1328
789,1955
394,2120
627,2044
686,1965
802,1888
189,2234
460,1677
622,1803
149,2200
61,1177
378,1831
850,2053
143,1412
322,2174
304,1439
805,1842
545,1874
55,1562
271,2153
355,1740
695,1986
198,1557
417,2136
419,2048
402,1832
417,1945
218,1593
448,1724
712,1915
241,1736
486,1637
790,1925
159,1661
827,1829
739,1918
178,1447
639,1778
74,1666
813,1790
320,1553
517,1962
866,2095
433,1937
903,2136
37,1813
317,1816
69,1826
112,2098
45,2100
391,1617
613,1791
6,1516
569,1778
107,1334
900,2094
634,1908
861,1947
704,1944
906,1996
469,1567
496,2085
61,1769
387,1857
369,1990
355,1934
380,1447
139,1948
244,1951
289,1556
17,1405
362,1562
199,1549
628,1920
370,1447
258,1959
649,1989
44,1753
931,1911
360,1592
427,1893
148,1514
697,1809
69,1284
94,1720
215,1745
480,2094
443,2135
25,2129
109,1800
33,1753
184,1706
152,1344
300,1637
146,2049
427,1966
588,1882
22,1784
170,1438
469,1582
5,1714
330,1707
823,2032
811,1904
288,2088
75,1916
435,1484
556,1581
593,1989
149,1946
263,2088
261,2011
810,1793
54,1905
72,1356
132,1596
77,1643
145,2043
199,2246
112,1473
356,1824
74,1305
56,2193
178,1810
785,1969
60,1766
887,2020
13,1262
182,1860
90,1527
789,2098
86,2201
125,1622
357,1574
746,1874
577,1952
5,1048
26,2136
646,1856
442,1605
329,1910
33,1127
445,1934
397,1505
87,2168
567,1680
363,2142
512,2049
202,1691
723,1970
271,1872
95,1294
34,2128
169,1933
145,1735
560,1651
24,1554
168,1437
326,2166
430,2147
732,1860
412,1634
121,1378
114,2005
27,1416
103,1827
39,2220
375,2014
228,1394
58,2216
8,2153
484,2034
416,1897
49,1643
2,999
96,1223
58,2153
316,2137
464,1782
848,2109
907,2083
369,1951
139,1957
308,1982
686,1908
434,2047
377,1623
142,1506
208,1396
30,2136
690,1852
58,1678
450,1817
840,2045
49,1100
78,1657
205,2029
719,1915
67,1183
308,1775
30,1712
312,2148
385,1616
477,1568
291,1921
578,1675
88,1677
97,2249
650,1845
178,1882
115,1799
716,1779
563,1962
580,1719
338,1979
655,2041
201,1883
592,1962
45,1688
22,1198
719,2080
221,1802
114,1831
486,1957
70,1906
110,2082
345,1526
437,1501
395,1500
916,1963
122,1758
22,1334
303,2079
127,1710
51,1858
524,2109
512,1637
96,2138
434,2099
538,1857
135,1697
644,1882
886,2047
17,1780
58,2031
22,1080
232,2121
324,2085
123,1785
329,1570
335,2051
215,2071
79,1808
86,2150
310,1701
443,1989
771,1928
794,1922
133,1455
205,1545
188,1546
146,1838
247,2033
542,2023
507,1546
207,1947
617,1775
837,1860
127,2007
483,1817
155,2160
666,1987
663,1964
182,1651
386,1634
249,1442
502,2030
544,1706
129,1522
58,1527
296,2074
516,1575
138,2206
29,1224
232,1613
160,2108
33,1075
123,1993
389,1727
661,1850
316,2036
388,2136
478,1655
324,2037
543,1908
215,2171
117,2231
100,1848
348,1643
501,1943
224,1572
12,1618
841,2076
84,2266
145,2220
888,1972
638,1732
382,1768
388,1920
115,1838
266,1660
902,2005
309,2052
256,2021
110,1870
56,1319
299,1865
741,1745
620,1814
646,2099
180,1509
74,1934
480,1788
521,2061
384,1729
735,1834
886,1896
814,2089
146,1572
604,1877
679,2095
889,1887
848,1896
117,2191
341,1579
419,1961
512,1900
294,1764
610,1651
152,1972
584,1643
285,1922
284,1857
606,1800
220,1781
300,1590
181,2249
23,1413
90,1673
225,1780
348,1447
306,1849
36,1251
184,1856
243,2220
788,2070
172,1634
416,1963
701,1767
156,1819
55,1934
351,1526
551,2049
615,1974
109,2278
158,2251
82,1488
47,2035
413,1691
4,1232
101,2261
13,1017
675,1998
670,2049
127,2201
557,1964
256,1525
2,1157
721,1974
164,1893
860,1937
444,1945
811,2041
451,1568
225,2202
669,1791
426,1920
442,1761
692,1742
705,1894
205,2062
356,1515
7,1957
458,2107
341,2155
49,1223
209,2175
99,1402
157,1746
284,1898
64,1280
323,2094
701,2052
10,1847
615,1817
355,2177
818,1918
878,1968
142,2053
291,1424
870,2026
116,2003
925,2051
397,1963
616,1917
293,1866
116,2233
438,1606
259,1508
127,2172
184,2248
3,1268
904,1957
131,1563
871,1892
31,1888
72,2149
851,2078
163,1455
688,1782
377,1504
525,1683
122,2064
654,1766
336,1698
451,1769
85,1922
340,1832
336,1479
195,1570
924,2159
647,2035
31,1225
383,1958
303,2055
36,1891
39,1187
262,2180
847,2129
172,1739
408,1772
840,1880
523,2083
316,1776
21,1200
163,1858
201,1688
63,2082
215,1537
266,2202
660,2043
829,2120
275,1684
595,2038
581,1646
94,2018
275,2212
412,1784
573,1799
101,2028
657,1949
175,1775
956,2145
755,2043
116,2193
324,2086
342,1441
836,1960
887,2159
794,1934
593,2038
805,1820
109,2078
311,1456
175,1942
203,1692
2,1394
107,1470
630,1801
108,1370
405,2148
632,1776
80,1873
33,1947
27,1688
191,1497
792,1962
520,2110
264,1543
908,1917
124,2120
487,1740
132,1385
265,1774
413,1846
444,1998
57,2302
885,2099
92,2100
22,1295
569,1990
533,1833
479,1899
296,1990
300,1724
463,1594
387,1565
172,1652
471,2070
652,1949
522,2079
602,1862
3,1014
247,1538
78,2159
199,2075
33,1483
251,1932
425,1892
248,1737
56,1641
104,1252
814,1844
714,2002
681,2072
213,1739
327,1533
473,1709
51,1609
303,2176
24,1562
900,1925
226,1903
483,1611
2,2203
288,1592
696,1735
185,1345
816,1837
663,1917
351,2011
505,1830
318,2009
357,1948
555,1812
156,2005
1,1820
254,2052
307,1848
98,1670
427,1961
162,2220
412,1668
264,1470
399,2096
423,1891
711,2042
883,1971
403,2057
56,1412
474,1752
595,2099
130,1312
617,1874
719,1848
726,1801
133,1751
363,1737
418,2126
288,1787
165,1407
134,1803
158,2058
769,2101
748,1947
462,1543
67,1404
416,1657
111,1621
208,1799
908,2103
109,1300
135,2015
860,1935
762,1825
182,1912
302,1951
313,1479
326,2188
72,1440
637,1847
872,2058
56,1819
58,1146
71,1515
135,1853
2,1694
219,2014
45,1489
561,1725
57,1140
355,1468
72,2140
824,1824
200,1921
163,1792
167,1876
669,1883
259,1484
337,1688
232,1958
427,2059
48,1998
36,1568
384,2015
574,1903
10,1738
270,2029
147,1747
383,1754
264,1926
294,1865
463,1696
495,1976
207,1713
433,1816
260,2186
117,1607
680,1876
673,1833
489,1947
156,1598
134,2172
140,1449
768,1791
26,1670
499,1891
110,1449
432,2032
486,1963
216,1919
379,1690
244,1943
52,1314
813,2059
436,1946
689,2043
753,2118
725,1835
852,1970
798,1851
370,1694
125,1943
15,1233
484,1568
809,2026
209,1594
545,1827
170,1866
894,1983
31,1656
510,1557
786,2045
533,1614
40,1592
381,1840
673,2049
392,1977
921,2143
719,2026
425,1572
411,2094
601,1818
514,1868
27,2218
578,1933
738,2107
560,2016
301,2108
51,2186
309,2089
27,2003
265,1962
973,2108
142,2020
603,1989
519,1620
308,1641
552,2000
56,1640
158,1775
95,2137
550,1727
509,1699
52,1569
798,1783
863,2010
254,1789
831,2056
84,1606
427,1597
753,1867
20,2233
806,2031
17,2101
742,1788
482,1788
393,1641
371,1841
388,2118
189,1572
17,2056
150,1842
482,1852
182,2096
510,1787
281,1796
208,1377
222,1965
215,2182
666,1898
149,1454
109,1509
206,2109
317,2072
289,1864
151,1941
383,1737
348,1585
545,1736
75,1551
188,1926
77,1988
295,2170
153,2190
130,2253
154,1579
78,1177
119,2188
258,1845
357,1950
452,1529
38,1440
161,2144
716,1782
687,1717
427,1970
747,1744
135,1896
642,1931
697,2037
100,1943
594,1928
370,1513
44,2084
57,1190
659,1818
260,2080
6,1659
543,2082
0,1610
20,1658
25,1201
715,1876
372,1850
312,1727
15,1237
354,2121
350,1653
152,1381
82,1408
42,1976
655,1877
789,1826
185,1368
322,1470
148,2182
907,2142
540,1823
359,1636
879,1979
219,2174
243,1870
111,2261
219,1801
961,2064
48,1739
430,1469
88,2173
969,2107
255,1860
269,1805
822,1871
743,1792
433,1880
204,1439
155,1843
257,1427
354,1500
512,1651
286,1418
472,1581
580,1608
208,1834
535,2028
273,1662
91,2266
191,1667
580,2049
635,2045
21,1032
281,1798
126,1432
37,1690
44,1656
917,2168
112,1522
183,1971
134,1559
373,1918
455,1559
374,1894
39,2314
347,1881
195,2039
831,1983
565,1946
352,1839
698,1724
31,1987
726,2024
498,2077
970,2112
669,1733
588,1764
633,1942
219,1443
199,1984
798,2015
45,1894
232,2099
135,1936
315,1822
389,1851
64,2235
285,1559
74,1475
307,2136
276,2090
602,1732
256,1762
595,1839
372,1991
218,1671
472,1657
158,1813
409,2117
642,2031
221,2068
541,1884
869,2053
342,2053
276,2109
571,2093
621,1720
267,2050
427,2003
573,1669
91,1481
341,2125
613,2044
540,1932
539,1835
420,2140
270,1981
528,1704
696,1888
515,1621
219,1793
347,1536
837,2037
573,1874
682,1849
76,2015
136,2253
372,1638
583,1736
62,1311
547,1867
47,2289
299,1687
369,2075
67,1681
253,1784
4,1945
386,2145
20,1942
173,2020
631,2033
510,1569
143,1874
7,1290
398,1545
549,1984
456,2101
52,1324
865,1996
168,1974
68,1449
33,1542
302,1703
562,1624
176,1417
412,1698
13,1627
130,1614
957,2062
164,1615
660,1877
69,1856
151,2066
577,1989
329,1748
322,1804
302,1533
8,1588
363,1826
770,1972
250,1761
71,1408
631,1968
394,1630
70,1674
145,2116
295,1962
68,1802
628,1860
82,2181
365,1779
15,1933
222,1891
413,2099
8,2071
54,1180
72,2247
248,1679
156,2264
459,1756
896,1975
436,1875
817,1813
299,1973
18,1975
187,2086
5,1445
98,1560
34,2100
93,2270
697,1794
229,1588
848,1982
45,1394
150,1641
172,1796
341,1547
901,2043
66,1162
200,1833
206,1769
448,1615
376,1757
23,2268
140,2072
863,1903
183,2152
377,1724
81,2232
253,1447
235,1599
53,1121
756,2108
641,2052
32,2273
199,2018
229,1834
169,1860
799,1831
118,1243
98,2269
778,1944
315,1888
41,2177
352,1899
267,1611
56,1951
168,1497
289,2053
481,1812
166,1975
82,2216
279,1585
298,1882
314,1708
345,1531
43,1911
85,1758
95,1925
358,1513
412,1921
692,1738
837,2102
134,1546
663,1891
439,1664
645,1831
109,2066
43,1302
674,1718
7,1754
41,1434
2,1696
116,1764
67,1167
418,1600
104,1781
516,1960
179,1403
137,2057
71,1297
512,1882
47,1510
84,1330
347,2142
0,1849
914,2082
337,1884
382,1615
313,1843
334,2143
562,1620
484,1656
293,1932
893,2008
3,1023
533,1680
233,1806
192,2140
627,2022
265,2033
309,1896
95,2071
73,2223
175,2061
267,1699
496,1632
809,1792
233,1464
325,1852
214,2131
593,2014
202,1491
36,1703
296,1497
907,2175
186,1980
294,1779
552,1681
698,2006
651,2049
79,2132
369,1818
122,1432
629,1839
127,1659
371,1867
107,2069
841,2021
262,1840
60,1630
148,1856
29,1277
141,1616
499,2124
491,1643
212,2116
106,1398
640,1851
131,1955
409,1470
257,1429
531,1893
751,2087
241,1631
714,1959
229,2015
336,1740
339,1902
561,1607
657,1830
173,1427
693,1788
367,1533
178,1733
824,2071
632,1888
89,2052
26,1242
37,2180
268,1550
900,1949
414,1564
572,2071
76,1613
89,1658
56,2011
409,1719
454,1618
226,1572
70,1312
261,1491
111,1912
738,1976
393,1891
580,1639
714,1832
1,2253
872,1890
428,2117
904,1948
58,2157
164,2113
169,2036
22,2111
855,1996
203,1982
596,1754
914,2038
178,2159
335,1468
225,1392
535,1814
143,1665
33,2300
446,2044
71,2084
46,1714
243,2069
379,1754
818,1982
466,1813
490,1802
287,1837
295,1613
217,1924
73,2280
8,1349
893,2067
508,2029
168,1740
249,1594
178,1704
190,1875
560,1868
542,1639
401,1853
218,2105
923,2116
110,1242
85,2165
257,1844
23,2057
952,2146
570,1796
350,1740
219,1913
46,1138
367,1513
78,1778
638,1670
291,1600
128,2114
749,1906
591,2081
491,2010
67,1476
181,1596
27,1895
702,2098
503,1653
761,1865
387,2048
320,1916
468,2020
211,1625
568,1657
359,2016
279,2026
240,1717
135,1292
694,1893
592,1794
244,2053
298,2079
214,1452
120,1261
443,1621
167,1437
120,1655
10,1252
84,1930
860,2120
846,1951
12,1682
288,1958
51,2014
389,1473
698,1858
28,1165
893,1988
69,1933
267,1929
289,2159
256,1929
257,1656
16,2157
349,1918
637,1768
16,1125
396,1642
645,2047
344,1627
61,1757
357,1663
84,1923
141,1441
964,2065
426,1759
313,1971
822,1993
395,1839
8,1191
15,1213
154,1422
281,1860
126,1490
198,1944
894,2080
709,1907
790,2031
208,1491
264,2035
143,1731
786,1868
19,1250
11,1012
637,1831
693,1900
380,2112
46,1176
118,1387
191,2211
267,2006
829,1951
318,1915
368,1890
8,1197
183,2163
463,1607
311,1616
569,1963
140,2194
343,1948
13,1565
233,1697
116,2043
377,1506
713,1816
726,2095
699,1851
166,1724
746,1882
275,1654
634,1703
342,1658
524,1783
5,1696
213,1457
86,1170
20,2205
895,1928
344,2009
670,1902
239,1827
480,1868
792,1967
414,1857
464,1966
566,1777
36,2068
235,1604
367,1510
47,1995
129,2036
310,1457
413,1809
420,1828
28,2283
306,1608
127,1823
222,1849
13,1101
78,1343
177,1910
797,2117
937,2140
247,2148
23,2263
168,1972
104,1631
671,1839
58,2217
431,1967
660,1773
801,1855
470,2062
79,2072
835,1862
39,1236
142,2093
93,1843
518,1887
325,2091
811,1953
64,1588
477,1755
33,1703
859,2084
6,2247
113,1820
83,2166
236,1653
830,2004
444,1489
233,2050
454,2003
311,2166
283,1999
793,2061
680,1966
176,1875
137,1352
40,1127
6,1480
416,2072
198,1645
868,1882
325,2179
476,1592
268,2037
44,1706
581,1726
399,1569
804,1846
501,1987
15,1382
850,2036
434,1781
38,1657
97,2283
360,1848
392,2077
203,1709
54,1215
776,1766
906,1909
15,1175
191,1977
254,1527
923,2067
847,1837
395,1890
60,1237
70,2073
239,1485
438,2045
123,1410
123,2236
905,2034
332,2149
323,1787
222,2151
230,1773
405,2015
376,1736
37,1366
919,2129
848,2011
143,1758
595,2100
231,1453
148,1678
27,1277
65,1183
452,2083
205,1851
221,1899
81,1636
196,1664
325,1595
795,1808
395,1547
879,1976
663,1874
443,2065
400,1933
141,2053
26,1624
308,1949
934,1947
211,1480
115,1514
82,1242
203,2199
334,1729
21,1521
400,1700
553,1825
584,1847
226,2096
394,1861
696,2001
412,1636
878,2067
157,1696
371,1798
269,1464
415,2057
44,1343
963,2066
172,1392
667,2097
275,1704
490,1861
315,1472
53,2189
418,1631
518,1586
588,1637
820,1974
385,1776
725,1778
68,1745
108,1927
828,1911
98,1446
443,1995
47,1917
669,2044
72,1567
16,1794
475,1809
107,2276
257,1569
822,1945
364,1597
365,1803
120,2191
362,1724
4,1824
112,1813
620,2081
545,1569
307,1493
258,2062
438,1616
252,1475
122,1891
612,1739
296,1872
560,1751
256,1974
628,1950
47,2165
484,1864
77,1292
377,1976
430,1844
818,2047
690,2009
493,2075
262,1653
786,2102
418,2107
421,2078
422,1573
53,2182
153,1995
560,2084
651,1780
21,1236
404,1965
510,2094
91,1205
167,2121
898,2117
211,1797
856,2100
135,1411
799,1959
271,2214
175,1646
450,2057
930,1918
179,1565
53,2230
217,1624
196,1565
914,2058
838,2073
631,1942
66,2154
48,1100
718,1769
485,1598
74,2057
201,1843
340,1529
51,1326
638,1771
258,1929
58,2308
263,2211
151,1851
132,1954
108,1797
910,1944
547,2053
530,2112
231,2230
502,2048
458,1635
765,1829
823,1936
404,1859
96,2056
413,2062
63,1342
72,2100
763,2060
747,1965
615,1774
287,1756
249,2021
139,2186
364,1793
566,1734
850,1921
841,1957
44,1464
39,1749
175,1908
462,1941
741,1861
264,1568
244,1421
283,1882
274,2207
511,1726
738,2030
323,2062
106,1542
349,1558
190,1620
635,1839
585,1649
610,2054
234,1661
390,1485
557,1738
510,1986
819,1919
4,2069
335,2127
421,1986
280,2020
429,2052
535,1766
185,1392
44,1405
667,1937
41,1422
902,2044
95,1707
733,1788
863,1913
281,1495
23,1165
322,1778
211,1561
21,1811
382,1501
36,2208
586,1759
99,1539
477,1631
227,1536
64,1252
338,1625
466,2073
271,1776
195,1439
966,2108
553,1698
299,2184
313,1481
7,1920
735,1770
474,1650
640,1777
327,2167
805,2040
542,2094
709,1854
47,2014
613,1823
707,1763
694,2073
483,1537
417,1642
598,1653
174,1811
596,1683
602,1892
340,1975
402,1611
366,1577
147,1793
633,2011
94,1873
190,1669
100,1800
701,1839
794,2041
453,2074
72,1762
395,1637
740,1780
584,1617
15,2324
50,1423
57,1646
121,2182
406,1699
178,2180
688,1737
17,1090
118,2225
88,1226
12,1327
530,1758
168,2107
576,1846
580,1828
665,1745
336,1555
15,2325
816,1819
950,2138
76,2119
488,1754
165,1595
190,1625
553,2010
955,2104
143,2016
859,1854
34,1690
243,2155
767,1826
724,2047
297,1610
337,1757
655,1995
948,2058
70,2225
427,2070
873,2049
446,1622
113,1659
134,1556
363,2165
748,1963
277,1567
25,1290
217,1749
229,1979
109,1867
114,2116
240,1600
336,2028
23,2102
417,1589
232,2071
300,1632
614,1884
885,2117
694,1735
425,2021
410,1909
219,1655
248,1598
53,1474
727,2061
101,1622
847,1962
412,1642
558,2068
340,2084
643,1870
0,1798
574,2081
381,1545
344,1682
193,2155
111,2157
214,1947
102,1714
436,1991
73,1331
81,2040
435,1583
595,1895
176,2036
594,1676
511,1993
223,1560
248,1732
44,1563
360,1590
330,1938
11,2126
40,1762
375,2160
230,1892
153,1368
850,1872
227,2007
500,2114
906,1910
210,1927
351,1557
409,1699
630,2081
619,1683
94,2286
53,1633
532,1972
548,1636
246,1645
100,1208
740,2050
430,1812
372,1835
77,1286
627,1918
447,2109
908,2113
485,1914
907,1921
457,1929
247,1685
0,2072
687,1788
385,1517
243,1952
208,1914
63,1166
566,1651
207,1734
490,1570
457,2133
37,1778
111,2047
14,1328
188,2166
106,1971
420,1885
332,1915
133,1316
829,1858
224,1975
57,1850
357,1903
490,1690
75,1905
385,1725
115,2268
325,1986
28,1061
88,1501
425,1490
261,1942
896,2079
696,2018
550,2008
227,1560
279,1705
95,1692
264,1418
18,1714
168,1934
411,1484
776,1964
515,1913
446,1920
620,2045
488,1913
132,2015
529,1850
313,2185
104,2138
111,1271
68,1166
175,1968
833,1992
582,1782
52,2020
511,1695
203,1769
71,1202
120,2056
327,1879
812,1929
213,2130
168,1444
484,1882
329,1780
175,2218
103,2226
470,1610
305,1940
278,2059
717,2093
25,2307
612,1718
609,1892
303,1475
837,1986
770,1790
357,1989
274,1558
891,2101
702,1983
1,1854
116,1482
301,1993
879,1875
315,1729
7,2264
477,2066
620,1697
281,2062
46,1550
775,2124
260,2167
48,1616
182,1611
414,1912
317,1746
173,1897
439,2092
667,1859
466,2011
3,1840
308,2154
231,2134
140,1752
462,1933
509,1966
80,2152
344,1612
611,2036
340,1560
51,2253
299,1780
262,1913
472,1746
169,1607
105,1842
119,1691
415,1722
21,1089
30,1264
376,1625
84,1286
673,1920
114,2232
2,1578
39,1692
261,1713
417,1916
104,1699
372,1740
18,1601
362,1521
901,2174
475,1910
387,1845
41,2075
5,1636
340,1848
368,1955
107,1762
230,1896
35,1584
649,1887
25,1876
18,1462
33,2212
308,1511
362,1477
449,1920
285,1871
533,1684
941,2122
290,1775
26,1067
133,2188
88,1590
131,1389
35,1514
331,1517
755,1967
155,1335
286,1806
227,1842
814,2019
797,1883
247,1426
906,2170
608,1866
211,2132
205,1567
263,1496
349,1955
632,2084
487,1894
187,2193
792,2079
348,1648
422,1484
260,1925
42,2038
100,1982
200,1934
866,1965
833,1930
33,1334
385,1539
249,1683
32,1286
127,1976
194,2248
97,1647
237,1726
883,1882
31,1234
414,1805
578,1744
4,2091
210,1765
101,1529
521,2086
370,1862
7,1022
180,1430
199,1399
396,1934
23,2020
319,1514
533,1645
58,1872
555,1709
478,1569
230,1399
312,2175
757,1773
467,1796
834,2133
489,1632
311,1563
744,2030
878,2036
214,1524
145,1411
66,1152
491,1769
561,1910
318,1538
28,1219
366,1663
734,1872
56,1390
409,1871
593,1769
123,1569
336,1972
104,1826
393,1640
310,1512
112,1266
5,1495
355,1651
55,2210
85,1694
562,1745
191,1939
889,2162
474,1833
16,1947
500,1990
373,2050
160,2262
761,2116
198,1732
866,2005
402,1458
313,1562
308,1637
102,1657
316,1528
314,1661
101,2234
285,2002
606,1991
107,2154
243,2115
410,2053
259,2002
1,1716
147,1768
162,1952
287,1526
179,1959
881,1882
336,1750
676,1966
516,1637
153,1938
369,1600
717,1960
95,2290
405,1907
107,2220
208,2057
257,1646
68,1770
745,1825
675,1802
336,2029
729,1797
662,1956
372,1687
150,2063
350,2116
222,1707
72,1779
124,1863
255,1677
142,1295
195,1608
262,1430
41,1253
215,1906
120,2034
52,1116
569,1907
264,1867
113,1956
787,1767
930,2042
139,2052
218,2107
27,1214
168,1372
55,1952
615,1713
930,1951
585,1952
447,1991
391,2156
666,2031
606,1997
631,1935
621,2072
184,1564
383,1583
464,1885
320,1718
174,1682
171,1355
549,1712
140,1693
644,2022
12,2263
59,1950
630,1857
399,1640
271,1637
57,2174
506,1767
45,1105
154,1468
606,2067
771,1850
4,1521
151,1592
260,2130
47,1320
281,2104
4,1006
16,1246
875,2037
205,1852
617,1863
277,2043
462,2068
945,2131
911,1999
234,1900
175,1900
68,1721
97,1632
35,2260
838,2068
849,2066
877,2062
20,1545
541,1837
97,1465
54,1774
182,2085
251,1709
782,1899
752,1883
173,1793
27,2125
834,2131
129,1572
150,1751
532,1951
158,1337
303,1469
86,2235
481,1700
195,1870
579,1755
170,2129
639,1806
577,2050
724,1743
23,2163
468,1987
181,1669
416,1487
242,1863
219,1420
107,2103
401,1660
715,1834
505,1952
611,1959
655,1825
434,1563
913,2132
129,1340
19,1300
484,1625
480,1944
542,1671
720,1784
371,2052
49,1807
115,1612
353,1812
425,1738
190,1523
278,1587
713,1779
305,1804
59,2164
640,1791
8,1302
239,2029
290,1929
530,1715
159,1568
521,1956
739,1919
91,2034
560,1625
18,1305
552,1660
30,1899
905,2007
303,1736
157,1434
915,1992
583,1879
199,2190
105,1327
777,2078
521,2036
17,1279
551,1688
30,1074
756,1929
45,1887
423,1885
222,1970
121,1538
676,1741
559,1860
660,2075
429,1526
19,1199
341,1822
244,1875
125,1683
246,1937
88,1291
639,1733
21,2150
668,1774
318,1871
512,1949
377,2144
908,1927
699,1763
554,2057
541,1892
223,1789
74,1162
135,1976
126,1447
102,1320
775,2008
645,1738
46,1255
898,2175
503,1798
18,1715
67,1920
52,1775
196,1787
23,1526
385,2084
221,1627
221,1780
911,2029
517,1887
588,1876
756,1869
194,1501
190,2142
575,2048
545,1682
58,1819
640,1905
210,1881
426,1921
15,1388
277,1931
674,1770
423,2078
576,1668
255,2066
125,1379
66,1898
243,1556
317,1495
238,1643
216,1938
347,2030
625,1665
574,1793
332,1714
933,2122
104,2122
397,1886
79,1342
429,1841
113,1950
356,1991
87,1898
173,1517
104,1486
400,1682
213,1381
143,1542
708,1891
554,1803
816,1896
154,1309
290,2133
273,2014
60,1545
482,1617
42,1494
350,1889
645,1865
41,2030
21,1138
624,1841
750,1954
411,1765
137,1707
357,1647
660,1708
96,2185
38,1292
15,1285
368,1869
100,1549
148,1305
283,1947
644,2082
786,2037
618,2084
17,1930
825,1904
788,1874
405,1655
321,2092
270,1458
783,2113
5,1244
493,1721
172,1993
399,1552
265,1946
557,1768
171,1715
145,1506
940,2150
83,2110
185,1557
798,1883
177,1768
436,1916
286,1702
542,1761
861,1972
438,2129
82,1677
15,2078
96,1895
741,1754
68,1331
248,1466
451,1740
15,1301
906,2074
312,1813
125,1267
687,1722
295,1936
171,1619
476,1664
266,1937
178,1713
501,1873
131,1916
445,1987
673,2075
349,1826
361,1481
326,1572
615,1985
584,1812
41,1083
337,1746
462,1703
0,994
287,1788
613,1908
3,1465
533,1884
127,1899
746,2041
117,1275
787,1774
691,1734
263,2180
68,1800
98,2264
177,1845
393,1489
79,1156
280,1835
531,1695
48,1954
336,2064
344,1676
264,2059
383,1720
531,1913
39,1567
593,2042
112,2207
435,2067
890,2022
22,1994
197,1426
219,1983
501,1950
502,1678
724,2010
643,1798
737,1769
38,1542
254,1939
269,1517
187,1435
57,2079
184,1795
31,2119
364,1478
889,2153
136,1554
422,1955
406,1522
564,1966
475,1609
19,2024
80,1681
504,2101
409,2020
92,1371
311,1582
238,1543
252,1418
79,1179
704,1839
83,1830
506,1569
956,2068
426,1776
149,1969
495,1798
393,2070
193,1955
509,1885
240,1962
370,1858
339,1573
414,1630
104,1961
36,1467
146,1648
126,1672
849,1848
497,1814
34,1219
50,1852
891,2129
3,1021
211,1617
36,1216
816,1993
635,1726
477,2043
364,2141
421,1951
7,1852
118,1363
347,1753
85,1500
827,2106
635,1816
31,2246
78,2166
135,1283
192,1444
672,1708
63,1285
411,1934
57,1229
815,1848
140,1663
512,1769
40,1605
92,1845
903,2016
512,1972
854,1934
87,1873
10,2080
829,1888
600,1860
440,1523
435,1508
196,1649
57,1598
323,1485
319,1864
248,1844
329,1641
97,2039
422,1641
621,1685
48,1417
37,2028
700,1935
12,1033
716,1989
76,2269
704,1966
542,1653
223,1670
112,1581
614,1941
276,1600
48,1140
335,1679
428,1465
827,1914
111,2052
58,1953
18,1031
354,1478
298,1647
259,1598
193,2083
12,1762
49,1425
389,1828
136,2160
376,2079
660,1785
19,1223
209,1881
818,1898
391,1524
658,1779
403,1904
558,1906
81,1922
639,1735
1,1185
194,1627
121,1606
105,1779
535,1579
198,1921
838,2048
486,2128
26,1623
111,1358
497,1945
758,1851
292,1595
26,1155
129,1805
230,1489
25,1761
365,1833
836,1834
442,1509
137,1291
114,2174
237,1605
72,1520
170,1603
789,1842
334,2041
29,1214
271,1563
47,1438
302,1644
200,1504
253,1661
349,2050
183,2060
554,1942
66,2134
181,2252
79,1564
641,1864
293,1727
112,1814
305,1627
176,1792
381,1724
158,1507
89,1589
21,1342
745,2044
36,1690
159,1337
926,2030
438,1918
65,1974
193,1378
454,1630
642,1830
496,1685
78,2091
363,2036
288,1497
701,1754
70,1682
569,2030
921,2073
280,1953
235,1561
781,1921
879,1925
550,1801
502,1892
113,2008
797,2114
137,2241
98,2260
242,2042
137,1822
481,1745
48,1663
598,1928
429,1557
198,2129
284,1615
632,1923
214,2156
21,2322
610,1658
901,2150
846,1985
73,2150
788,2076
625,1759
78,1452
96,1882
98,1326
509,2038
199,1708
624,1734
585,1721
675,2068
182,1813
315,1498
130,1422
752,2121
389,1780
949,2072
516,2106
25,1310
291,1702
21,1529
588,1762
752,1962
337,1840
593,1825
422,2059
743,1762
304,1727
446,1711
619,1907
228,1874
57,1132
385,2155
920,1948
472,1604
383,2084
704,1736
225,1483
354,1543
118,1588
707,2020
93,1700
81,1376
7,2050
183,1773
66,1131
107,1443
438,2025
821,1992
332,1534
366,1749
860,1973
113,2246
66,1389
118,1536
226,1963
0,1796
747,2026
3,1206
86,1855
691,1952
465,1914
618,2017
23,2123
223,2235
11,1607
430,1579
488,1665
654,2076
63,2224
716,2103
509,1665
299,1561
177,1832
276,1707
622,1878
124,1451
341,1485
369,1618
882,2084
32,1634
90,1842
20,1700
557,1861
242,1766
197,1436
72,2182
778,1913
183,1847
171,1441
154,2212
362,1797
594,1657
28,2226
247,1493
370,2001
926,2035
35,1338
946,2068
397,1783
87,1558
890,2019
458,1682
790,1774
23,1330
78,1202
541,1895
301,2159
497,1579
713,2039
529,1917
348,2113
177,1792
3,2103
616,1672
215,1566
14,1526
398,1838
265,1918
415,1857
852,2123
212,2181
691,1871
12,1795
149,1344
43,2031
357,1735
598,1650
10,2281
431,2006
483,1804
588,1870
315,2157
643,1861
433,2022
219,2120
210,2217
239,1924
130,2007
450,1676
128,2201
517,1853
786,2075
438,1996
763,2040
125,1531
15,1373
535,1774
210,2052
593,2043
308,2092
178,1943
460,1663
436,1872
849,2083
586,1786
107,1280
192,1404
42,1214
504,1562
785,2083
314,2187
49,1828
49,1204
103,2150
272,1569
889,1922
376,2035
618,2004
206,1937
488,1995
10,1263
561,1619
107,2183
903,2101
410,2080
340,1720
361,2014
383,2066
166,1369
62,1829
121,1937
524,1625
335,2120
349,1495
335,1522
200,1383
616,1907
130,1822
111,1496
243,1820
233,1479
204,2015
781,1854
358,1481
394,2057
247,1902
810,2052
504,2075
874,1955
201,1526
590,1679
176,1675
503,1667
629,2033
30,1467
143,2035
254,1735
39,2115
438,2039
961,2092
81,1589
486,2003
100,1810
811,1957
170,1819
232,1648
374,1574
172,1642
246,2021
453,1574
702,1722
418,1477
815,1899
219,1832
371,1962
287,2193
70,1704
499,1746
662,1809
248,1589
158,2228
233,1485
854,2040
755,1758
355,1883
260,2139
103,1283
105,1765
234,1862
600,1964
585,1887
470,1711
281,1510
63,1692
662,1873
439,1532
236,1633
86,1289
2,1675
65,1827
103,1836
148,1811
794,1854
530,1704
300,1838
427,1502
110,1479
652,1920
211,1776
394,1610
571,1909
288,2197
448,1967
907,1998
318,1458
16,1641
128,1792
196,1902
717,1907
239,2077
351,2168
113,1328
814,1868
424,1537
851,2099
254,2116
548,1760
671,1856
168,1904
228,1966
503,1566
484,2099
556,2033
243,1747
662,1778
596,1953
104,1478
19,2062
680,1970
675,1762
155,2136
288,1485
439,1739
131,1620
190,1648
218,2210
906,1978
0,1654
191,1972
237,1610
699,1947
825,1955
62,2086
496,1556
493,2057
392,1640
39,2137
300,1766
177,2182
194,1383
27,1522
751,1884
646,1895
47,2254
795,1985
868,1919
30,1160
774,1909
561,2005
799,1778
345,1622
723,1993
233,1918
334,1897
130,1973
528,1715
87,2047
268,1807
79,1642
334,1746
916,2098
154,1526
317,1698
76,1730
554,1780
645,2075
363,1491
196,1485
346,1587
94,1988
487,1779
49,1331
22,1171
14,2199
515,1772
65,1447
12,1979
742,1773
100,1787
766,1860
167,1891
556,1820
326,1503
101,1457
275,1954
94,2022
191,1909
248,1825
500,1695
286,1456
57,1219
34,1903
450,1897
484,1688
449,1722
665,1811
53,1793
464,1688
562,1592
190,1857
603,2021
454,1918
92,1391
36,1769
45,1491
132,1829
73,1743
475,1585
144,2016
284,1418
102,1341
447,1794
374,2030
373,2100
276,2074
291,1470
26,1759
309,1819
934,2120
217,1675
637,2003
51,1975
241,2207
5,1987
374,2065
565,1596
552,1868
495,1588
203,2112
464,1877
651,1891
146,1703
310,1993
420,1934
493,1640
513,2017
785,1966
426,1685
800,1774
277,2202
531,2044
190,1942
48,2279
127,1274
103,1703
338,1463
946,2069
599,1722
220,1453
518,2013
94,1490
789,1838
573,1947
724,1989
894,1914
200,1723
538,1696
20,2060
540,1710
899,2123
679,1973
25,1239
2,1525
26,1684
95,2031
727,1897
847,1997
322,1434
423,1845
33,1316
190,1964
596,2063
424,1769
32,2309
167,1386
211,1388
51,1679
41,1953
128,2228
175,1359
91,2203
704,2023
159,2172
633,1905
201,1485
508,2026
607,1774
396,1593
42,2128
639,1793
423,1537
435,2136
421,1634
23,2164
757,2092
615,1904
251,1645
461,2052
456,1966
191,1615
195,1361
374,1484
362,1633
345,1931
264,1653
596,1798
0,1541
300,1451
84,1999
140,2153
289,2185
40,1649
183,1640
790,1847
71,2223
263,1515
321,2019
32,2081
108,1519
520,1933
416,1693
137,2094
265,1789
304,1807
482,1702
421,1540
369,2046
622,1753
683,1951
839,1869
215,1900
163,2063
182,2094
522,1677
410,2097
522,1921
340,1854
28,1383
352,1835
51,2238
53,1453
316,1474
31,1276
106,1699
494,2080
414,1684
450,1805
259,1527
21,2152
834,1909
506,1992
89,1908
304,1939
126,2003
343,2167
24,1670
169,1531
414,2020
379,1666
138,1632
11,1057
106,1999
35,2215
189,1518
102,1747
70,1760
231,1839
166,1824
491,1543
508,1901
274,1507
385,1558
915,2066
27,2075
328,1536
568,1776
139,2151
275,1943
363,1630
341,1715
455,2040
5,1785
770,2100
286,1468
86,1913
476,1680
166,1646
514,1827
328,2096
205,2103
186,2174
324,1576
39,1664
170,1503
903,2114
203,1782
373,1487
343,1905
444,1888
569,1796
290,2090
230,2202
87,1481
420,1666
125,1536
24,1112
634,1933
545,1823
326,2052
778,1975
193,1489
916,1942
189,1359
541,1567
421,1807
387,1807
882,1904
800,2027
407,2096
286,1543
330,2148
436,1544
72,1389
146,1433
13,1833
171,1972
911,2064
18,1772
163,1464
837,1823
123,1371
307,2116
65,2034
217,1752
84,1360
73,2208
40,1265
681,1902
188,2177
33,2001
285,1482
225,2140
328,1878
24,2021
386,1891
443,1520
246,1451
368,2002
414,2138
561,1678
109,1465
77,2157
329,1719
37,1279
14,2060
180,1551
909,1981
370,1912
538,1708
146,1725
413,1499
175,1492
9,1410
299,2078
601,1699
15,1370
39,1084
477,1857
461,1873
685,1881
446,2091
891,2140
176,2013
744,1971
457,1864
513,1586
222,2031
604,2087
843,1983
148,1875
188,1845
550,1861
57,2278
610,1673
48,2310
141,1453
204,1543
155,1828
619,2062
668,2018
743,1880
170,1931
513,1718
191,1594
375,1502
64,1674
225,1681
2,1282
586,1996
425,1918
221,1622
511,2013
365,1843
524,2082
471,1747
350,1803
471,1684
332,1754
538,2064
810,1946
415,1558
516,1817
425,1926
39,2174
489,2049
170,1472
284,1604
322,1771
268,1874
653,2063
36,1107
838,1896
19,1660
797,1875
691,2023
245,1471
95,2063
130,1995
800,2010
711,1827
528,2079
872,1911
579,1988
189,2063
595,1766
438,1511
23,1873
798,1809
697,2060
441,2142
402,1709
700,1867
532,1699
17,1611
439,2097
144,1518
810,1988
7,1081
125,2028
826,1812
202,1393
222,1558
639,1933
116,1842
134,1281
251,1964
805,1940
439,1868
35,1381
632,1878
120,1241
642,1800
78,1483
276,1538
62,1661
228,1913
140,1756
364,1533
19,1682
148,1863
448,1858
453,1856
74,2079
423,1623
119,1339
45,2241
373,1701
408,1770
269,2086
582,1792
458,1517
427,1805
58,2056
207,1905
605,1960
14,2006
904,2176
267,1934
434,1755
687,2067
133,1744
755,1940
253,1972
620,1750
8,1547
378,2055
297,1913
527,1924
348,1448
444,1826
50,1224
499,1605
145,2216
249,2030
165,1796
740,1980
154,1920
698,1751
466,1750
381,1601
655,2083
114,1739
216,1917
368,1717
152,1599
90,1881
419,1900
358,2018
117,1725
477,2026
527,1745
88,2200
406,1646
5,1248
302,1628
960,2093
605,1982
236,2086
576,1653
190,1867
545,1960
226,1429
237,1906
23,1976
774,1935
499,1816
806,1874
441,1833
472,1675
552,1585
235,1624
190,1587
31,2083
801,2074
727,2100
514,1779
212,1689
44,1147
177,1997
697,1872
747,1874
182,1377
901,2157
164,2013
112,2251
412,1643
157,1550
110,2183
672,1843
120,2028
677,2037
190,2156
38,1582
525,1726
690,1773
376,1773
126,1445
769,2055
14,1418
106,1955
608,1859
106,1717
207,1386
241,1858
282,1431
177,1406
811,2028
363,1634
94,2081
349,1631
259,2166
623,1874
546,1611
753,1961
188,1461
217,1743
470,1862
43,1361
726,1899
8,1889
310,2188
421,1899
477,1989
120,1473
355,1701
41,1970
546,2026
114,1838
312,1492
13,1023
866,2044
368,1895
158,2059
90,1561
918,2135
56,1577
119,1927
603,2073
199,1567
684,1858
443,1697
229,1527
590,1855
867,2133
57,1463
210,2198
283,2054
2,1579
451,1819
766,2047
3,2048
722,1761
116,1457
131,1576
718,1829
747,1918
24,1544
51,2044
370,1775
97,1413
298,2021
513,1576
205,1964
130,1358
114,1887
263,1821
805,1913
816,2021
220,1954
656,1709
78,2164
419,1840
709,1786
314,1563
594,2068
116,1846
287,2050
418,1966
672,1729
357,1754
54,1137
589,2091
343,1715
173,2107
493,1968
0,1289
485,1639
387,2000
445,1954
461,2046
377,1986
161,1674
80,1428
290,1614
62,1568
487,1996
8,1770
27,1486
554,2039
671,1938
635,1733
310,1724
583,1769
240,1713
733,1910
861,2108
486,1996
87,2038
300,1884
367,1465
427,2081
145,2004
840,2021
405,1757
492,2128
221,1887
62,1450
45,1262
284,1680
582,1920
56,1627
148,2152
145,2030
120,2067
212,1490
522,1958
171,1802
380,1840
19,1423
566,2094
380,1648
216,2033
92,1186
726,1814
119,1829
659,1996
140,2047
700,1926
216,1754
682,1889
443,2079
171,1958
589,1704
526,1649
462,2011
438,2049
464,1554
257,1407
957,2131
0,1187
156,1698
131,2257
24,2245
654,1696
827,2072
678,1910
129,1601
1,2057
56,1435
54,2027
489,1573
215,1450
330,2013
421,1586
512,1970
50,1763
819,1925
285,1538
125,1494
675,1740
308,1944
312,1603
189,2216
766,1873
107,1678
58,1268
44,1726
660,2032
579,1993
814,2093
373,2104
654,2000
615,1787
186,1369
849,2064
33,1429
524,1672
295,1438
327,1850
567,2027
244,2093
297,1989
729,2052
128,1496
24,1736
578,1786
769,1765
114,1837
763,1935
168,1530
103,1923
605,1798
595,1823
170,1527
489,1962
932,2060
636,1813
429,1522
139,2073
396,1806
678,1798
20,1338
272,1854
687,1773
177,1492
54,1353
115,2191
100,1830
31,1250
174,1646
81,1912
447,1668
427,1810
2,1834
11,1461
192,1761
46,1899
573,2105
99,2150
229,1557
443,1929
271,1455
231,2057
862,1908
152,2132
230,1705
654,2075
229,1451
639,1775
460,2090
259,2029
265,2115
663,1808
674,1715
119,1476
113,2096
206,1561
90,1465
33,2292
284,1743
28,1509
223,2159
106,1644
20,2048
676,1867
286,1841
176,2169
174,2188
503,1787
625,1693
381,1978
83,1303
139,1328
318,1873
325,1494
13,1637
864,1894
930,2098
733,1930
364,1786
30,1859
801,1783
107,1612
347,1617
471,1853
25,1338
571,1603
731,1786
656,1810
714,1863
753,1774
323,1813
226,2008
233,2200
305,1638
881,2006
526,1665
266,1746
82,1247
56,1811
48,1891
241,1518
95,2058
72,2210
492,2117
453,1994
203,1489
112,2262
212,2098
29,1600
291,1966
315,1582
40,2201
245,1857
561,1943
783,1971
394,1970
139,2252
229,1538
475,1663
160,1764
4,2195
43,1948
243,1726
705,2055
108,1431
432,1593
366,1731
207,1404
152,1683
432,2073
430,1946
587,2088
157,1576
834,1829
108,1406
362,1934
97,1696
232,1892
356,1888
250,1659
20,1487
647,2010
457,1520
316,1875
455,1631
125,1874
116,2181
758,1777
347,1957
165,1380
346,1613
683,1859
696,1982
96,1956
37,1614
318,2136
678,2091
489,1958
157,1928
799,2041
955,2091
207,1711
816,2067
465,1794
158,1812
639,2025
72,1198
835,1949
817,2011
310,1608
719,1973
467,1839
476,1987
217,1502
114,1681
463,1971
225,2164
415,2075
754,1815
187,2210
668,1764
195,1469
418,1958
581,2017
4,2277
149,1413
662,1736
76,1993
158,1963
147,1652
220,1772
112,1466
262,1992
197,2040
560,1587
260,1862
48,1698
574,1836
852,2129
402,1958
7,1871
495,2111
0,1792
674,1713
460,1827
278,1524
460,1843
80,1177
355,1884
531,1819
61,1235
265,2069
173,1465
58,2026
16,2048
325,1449
661,2028
374,1524
710,1930
231,2189
100,1282
582,1918
294,1477
55,1405
534,1654
59,1758
917,2050
702,2063
524,1630
77,2083
537,2001
769,2024
343,1720
4,2178
530,1648
145,1910
489,1537
618,1723
35,2164
60,1675
239,1643
677,1892
216,1716
97,1248
55,1250
377,1472
203,2127
638,1739
315,1483
106,1314
317,1927
1,2248
645,1708
46,1965
770,1905
344,1939
47,1406
9,1481
144,1797
24,1515
867,1999
242,1647
870,1947
634,2049
22,1610
562,1627
790,1850
33,2081
450,1702
247,1658
110,1530
358,1718
73,1836
302,1950
239,1522
616,1931
45,2084
306,1632
57,1979
324,1517
121,1658
58,2277
90,1598
169,1420
108,1956
139,2140
128,1426
411,1461
224,2217
565,1791
753,1773
530,1747
600,1718
218,1520
61,1498
133,2090
487,1824
844,1852
346,1682
204,1646
60,1767
228,1849
667,1722
947,2068
273,2147
409,1514
204,1894
27,2252
564,1596
222,1414
731,1825
176,2107
4,1384
557,2087
293,1525
329,2157
420,1541
339,1836
518,1867
548,1689
692,1978
165,1343
304,1730
643,1940
719,1986
245,1525
406,2126
194,2233
855,1893
866,2057
120,2054
120,1815
512,1905
367,1592
509,2121
63,1760
215,1461
200,1415
37,2145
20,1160
44,1996
556,1985
65,1904
694,2038
464,1771
794,1846
27,1054
446,1734
607,1695
406,1683
126,1394
137,1661
32,1926
610,2073
801,1986
152,2238
411,1939
349,1985
256,1479
101,1269
36,1413
103,2152
719,1900
90,1997
476,1672
240,1907
290,1875
344,2113
603,1767
55,1157
122,2009
266,1483
495,1752
462,2088
14,2221
69,1587
352,2027
485,1748
44,1731
100,1686
711,1918
194,1730
49,1414
633,1861
205,1951
66,1735
308,2149
442,1995
701,1861
874,1946
295,1857
486,1940
480,1935
641,1999
376,1496
311,1437
426,1927
109,2006
23,1863
373,2024
28,1655
357,1537
333,1884
828,2106
72,2009
348,1967
115,1359
345,1614
493,1731
495,1951
61,1380
909,1930
636,1775
399,1541
435,1996
277,2002
26,2088
533,1610
325,2015
113,1955
188,1361
50,2129
442,1657
138,1918
47,1756
112,1417
405,2094
902,2004
544,2093
19,1227
302,1966
232,1537
421,1855
512,1687
408,2104
72,1457
357,2113
80,1182
313,1723
552,1910
202,1880
271,2006
308,2157
308,1992
500,1857
489,1831
908,1960
3,1438
851,2014
554,1809
168,1968
527,2013
357,2021
412,1589
806,1839
97,1835
174,2083
234,2060
501,1756
132,1988
655,2088
886,2133
66,1211
254,1822
458,1704
84,1991
335,2163
971,2119
259,1762
324,1976
189,1493
503,2026
13,2247
460,1653
423,1581
204,2057
677,1794
766,2075
32,1518
148,1420
175,1783
242,1846
280,1837
451,1949
676,1943
439,1984
106,2241
421,2130
168,2154
445,1593
220,2225
544,1873
384,1454
247,1563
148,2125
360,1833
496,1610
266,1990
353,1594
30,1838
265,2195
430,1805
645,1704
841,2026
126,1281
16,2271
6,2314
136,1427
407,1484
59,2101
468,1539
184,2023
22,2161
77,1544
333,2070
385,1875
187,1942
373,1616
858,2038
247,1659
78,1173
472,1995
102,1212
764,1912
63,1761
769,1882
183,2112
213,2193
120,1830
322,1573
468,1661
837,1824
126,1631
163,1379
666,1700
845,2112
315,1900
348,2096
39,1078
156,2098
325,1443
686,1997
757,1968
40,1319
243,1456
132,1902
916,1988
296,2124
710,2105
886,2083
347,1450
436,1738
273,1648
518,1744
536,1721
230,1731
705,1883
643,1718
51,1988
756,2005
131,2223
816,1836
166,1461
50,1513
240,2093
127,2023
796,2085
30,1634
199,2029
264,2200
174,2118
146,1692
299,1427
695,1967
389,1645
418,1978
935,2063
5,1691
272,1810
5,1669
20,1277
563,2067
231,1826
196,2144
312,1693
188,1509
160,2207
335,2154
139,1641
591,1942
243,2021
96,1751
263,1803
474,2018
337,1767
634,2011
49,2115
420,1844
54,2226
341,1630
325,1680
34,2103
800,1890
65,1319
357,2136
325,1853
158,2204
143,1773
99,1937
71,1560
85,2212
28,2279
319,1532
76,1424
125,2178
246,1699
459,2097
158,1869
101,1528
117,1937
889,1897
512,1853
266,1484
233,1407
426,2087
136,1594
563,1846
255,1518
255,1511
180,2013
51,1181
943,2166
250,1464
39,2064
118,2168
503,1585
425,1473
0,1540
169,1877
684,1856
65,1807
620,1722
159,2092
137,1751
76,1479
125,1358
508,1758
355,1891
468,1871
882,1945
353,2108
540,1572
34,1429
150,1960
82,1629
550,2004
844,1968
115,1458
288,1709
146,2094
161,1470
45,2240
279,2157
754,2119
555,1695
661,1978
452,1538
581,2075
881,2037
210,1649
370,2017
145,2015
393,1629
190,2061
837,2001
854,1991
247,1684
571,1798
256,1552
481,1715
214,1857
44,1796
432,1659
364,1809
312,2059
78,2128
372,1830
520,1917
511,1943
555,1978
438,1764
774,2026
545,2045
26,2281
202,2158
65,1884
599,2022
310,2194
36,1843
118,1959
620,1869
880,1970
746,2010
138,1429
183,2078
956,2139
129,1860
333,1732
218,1662
128,1616
401,1833
107,2021
189,1676
101,1419
244,2057
687,1956
867,2142
842,2114
328,1826
206,1726
65,1333
460,2002
112,1552
24,2321
60,1209
194,1866
763,2031
249,1682
550,1642
245,1972
109,1306
153,1799
221,1671
594,1722
846,1927
221,1391
563,2036
607,1790
408,1880
208,2029
94,1628
11,1335
171,1886
495,1896
201,2058
499,1740
4,2129
200,1692
66,1420
505,1827
185,1688
140,1507
161,1698
693,1833
190,1576
651,1915
274,2162
256,1591
596,1986
156,2100
58,1934
84,2123
947,2071
617,1748
628,1822
78,1699
131,1323
578,1758
117,1250
121,2165
162,1688
361,1946
22,1941
98,1197
47,1888
386,1987
358,1564
703,1856
318,1755
581,1809
110,1871
30,1495
321,2123
310,1787
77,1523
850,2004
114,1557
405,1560
164,1613
209,2095
457,1698
269,1490
501,2090
342,1825
53,1566
39,2243
486,1692
45,2119
108,1815
263,1681
233,1521
32,1892
55,2031
391,1971
338,2119
113,2026
363,1980
112,2190
192,2002
241,1666
294,2067
87,2022
523,1733
587,1803
725,1838
542,1858
394,1792
384,1512
438,2012
217,1959
738,1911
106,2155
28,2082
169,1785
555,1920
318,2076
56,1758
649,1712
187,2189
157,1843
343,1724
264,1807
560,1700
204,2179
208,1706
763,2010
294,1459
157,1967
288,1458
124,1313
602,1971
22,2283
912,2053
407,2133
253,1433
445,1782
490,1904
245,2113
567,1831
292,1597
725,1770
69,1974
265,1829
102,2126
623,1901
117,2054
420,1660
72,1990
4,1932
5,2130
785,1890
543,1887
560,2049
556,1950
308,1813
352,1588
513,1565
458,2103
223,1558
238,1505
161,1922
104,1532
111,1897
8,2285
591,2092
653,1997
580,1704
112,2177
370,1881
277,1727
120,1977
35,1748
692,1751
22,1562
460,1546
13,1257
783,1945
8,2162
312,1531
572,1637
420,1886
77,2275
791,2064
783,2119
742,1951
491,2030
100,2169
308,2094
16,1549
723,2046
724,1986
759,2034
758,2111
267,1579
224,1916
199,2106
682,1746
626,1799
37,2002
306,1973
6,1207
228,1918
546,1636
6,1523
296,1728
546,2059
266,1586
346,2168
443,1702
339,1487
245,1699
311,1729
83,1518
150,1669
139,2191
678,1734
520,1658
392,1999
32,1141
365,1766
908,2066
148,2114
123,2129
392,1967
34,1218
313,2176
412,1908
343,1710
130,1684
509,2069
214,1794
256,2100
629,1765
632,1906
160,2251
209,1554
524,1864
65,1248
753,1818
172,1779
97,1949
588,1701
438,2011
42,1892
611,1834
41,1304
170,1544
608,1646
248,1742
202,1445
297,1795
482,1683
548,1851
183,2055
61,1707
791,1823
160,1513
236,1415
420,1500
331,1448
3,1701
131,1462
8,2328
569,1825
357,1899
140,1846
108,1977
38,2042
105,1749
910,2031
523,1787
7,1252
136,1493
558,1699
397,2000
265,1894
467,1943
637,1866
268,1946
501,1644
31,1189
508,1728
279,1580
301,1990
293,1508
518,1835
0,1533
813,1928
445,2097
538,1659
288,2047
725,1857
411,2132
115,1274
53,1774
133,1605
243,2032
3,1448
218,2062
197,1509
389,1965
365,1496
71,2112
117,1700
11,1941
717,1768
10,1010
648,2094
321,1727
103,2154
152,1828
314,2026
530,1677
919,1987
21,1196
420,2027
338,1857
275,2100
62,1804
760,1813
682,1945
893,2042
290,1837
657,2086
424,2077
282,2026
280,2113
669,1703
216,2205
370,1874
278,1876
669,1806
786,2060
241,1539
463,2003
30,1234
98,2081
16,2072
358,2060
188,1764
647,1714
332,1971
174,2055
534,1572
316,1788
574,1965
300,1771
537,1611
87,1362
262,1659
99,1777
487,1810
258,1680
211,1641
71,1876
619,1808
119,1874
645,1787
39,1397
204,1466
355,1999
493,1627
524,1963
143,1504
65,1801
701,1783
325,1434
726,1773
44,1546
425,2053
250,2016
199,1971
206,2112
304,2176
39,1536
874,2102
144,2007
378,2143
520,1553
808,2098
47,1744
151,2213
22,1361
102,2206
24,1869
68,1254
570,1810
529,2111
406,2120
308,1778
145,1847
427,1740
536,1634
123,1842
62,1537
363,1671
451,2045
539,2055
157,1886
161,2075
945,2093
896,2137
685,1785
348,1474
141,1682
567,1864
371,2061
382,1721
377,1540
824,1855
390,1885
805,1848
297,1436
59,2094
256,2097
326,1932
312,1561
251,2132
290,1767
524,1873
638,2076
416,1830
638,1730
318,1901
595,2080
113,2038
430,1927
286,2179
471,2133
557,1919
136,2237
547,1778
270,2192
60,1277
197,1438
398,1470
113,2004
457,2004
414,2058
8,2016
22,1083
499,1832
437,1811
81,1297
182,2043
259,1570
10,2019
141,1872
89,2266
68,1540
530,2050
563,2007
140,1539
11,2082
39,1277
440,1562
276,1416
213,2152
517,1607
9,1421
569,1703
670,2029
66,1264
209,1921
351,1618
99,1657
104,1359
444,1868
565,1714
526,1799
167,2199
192,1595
36,1554
369,1552
99,1560
357,1844
482,1658
606,1698
327,1728
211,2135
237,2223
914,1996
53,2000
740,2105
725,1898
301,2173
383,1906
855,2094
38,2301
111,1603
8,1108
217,2116
143,1510
84,1837
505,1767
55,1863
41,1820
362,1515
35,1730
141,1765
692,1757
799,1826
483,2064
26,1074
766,1962
712,1910
221,2052
869,2034
178,1574
755,1767
311,1775
732,1897
290,1573
17,2252
217,1751
56,1612
276,2031
201,1481
751,1984
117,1872
72,2125
73,1835
203,2092
31,1178
263,1968
531,2110
156,2144
357,1887
266,1410
953,2061
597,1890
111,1644
803,1904
908,1999
25,1949
393,1592
374,2161
261,1642
699,1814
169,2093
43,1824
712,2089
246,1475
112,1647
645,2021
142,1588
184,2228
323,1905
863,2109
609,1910
121,1659
473,1822
10,1354
305,1970
483,1758
385,1959
685,1883
358,1978
621,1792
663,1911
193,1553
761,2005
73,2202
176,2106
577,1895
588,1871
749,1756
128,2229
125,1520
237,1674
232,1505
775,1768
70,2304
146,1831
128,1844
727,1952
108,1971
869,1958
607,2059
81,1296
495,1960
10,1443
728,2107
444,1889
122,1927
91,1357
460,1608
381,2033
341,2027
77,1413
740,1881
223,1783
154,2038
120,1389
227,1499
659,2082
568,1848
939,2115
221,1413
133,2229
17,2309
119,1756
629,1689
77,2274
406,1975
95,1748
466,2079
244,1569
195,2036
302,1753
846,2050
615,1653
441,1962
399,1509
690,2008
385,2006
435,1706
287,1877
398,1592
333,1778
39,2237
314,1873
169,1767
68,1437
860,2076
805,2060
27,1147
604,1692
329,1742
633,1689
846,1958
677,1890
187,1525
902,2110
106,2257
514,1746
111,1854
5,2276
162,1969
23,1103
393,1922
602,1845
213,1883
510,1660
583,1924
386,1482
21,1599
474,1659
269,1505
577,1629
197,1564
859,1927
725,1780
81,2083
16,1417
841,1913
335,1626
413,1547
122,1802
737,2040
187,2120
564,1688
679,1823
80,2055
18,2255
720,1813
318,2018
59,1170
181,1711
217,1613
835,2106
195,1856
335,2031
117,1239
718,1875
20,1317
307,1904
573,1861
165,1792
20,1880
347,1520
693,1872
289,1546
89,1472
497,1739
213,1785
607,1750
0,1524
533,1944
228,2211
234,1462
106,1295
424,1667
344,2121
217,1963
92,1449
62,1792
383,1589
933,2038
306,1432
101,1218
758,1858
889,2157
649,2028
638,1806
336,1839
628,1696
338,2173
493,2045
515,1600
287,2007
147,1578
54,1173
90,1879
252,1595
430,1949
199,2107
391,2000
31,2242
314,2076
500,1812
199,1361
33,1997
344,2118
232,2163
637,2067
178,2024
960,2072
302,1785
97,1509
27,1398
205,1573
785,2066
1,1228
202,1750
219,2197
684,1976
181,1805
326,2170
219,2147
125,1565
4,1161
147,1702
935,2166
516,2084
155,2181
304,1561
352,1499
472,2082
310,1749
540,1843
840,2010
321,1911
758,1806
370,1939
323,2159
205,1554
573,1666
490,1675
655,1986
221,2137
132,1973
407,1969
833,1834
420,1478
413,1732
81,1760
332,2159
135,1318
378,1681
454,1699
256,1547
35,1736
58,1938
416,1750
388,1796
345,1988
76,1876
71,1659
914,2155
149,1357
113,1831
464,1565
132,1984
227,2029
527,1548
23,1406
10,2090
149,1610
244,1828
691,1759
765,1887
398,1536
607,1927
397,1605
89,1388
74,1990
233,1983
30,1157
609,1766
409,1480
2,1977
356,1719
230,1922
596,1817
208,1950
140,1690
601,2088
203,2157
77,2241
906,1923
427,1856
41,1757
265,2189
68,1255
28,2021
409,2017
12,1350
823,1965
164,1933
443,1883
34,1583
383,1784
508,2068
873,1985
455,1732
373,1804
361,2022
475,1601
46,2069
338,1472
51,2175
158,2222
163,1529
661,2030
608,2039
775,1865
124,1252
614,2063
87,2223
249,1755
730,1859
25,1613
96,1823
72,1793
222,1894
275,1642
10,1071
182,1578
93,1480
408,2042
169,1424
79,2242
600,1762
69,1493
443,1645
710,1743
75,2127
561,1845
920,2164
457,1951
318,1466
2,1446
419,2061
352,1473
836,1892
434,1760
215,1688
589,2095
591,1683
324,1625
277,1861
104,1280
624,2031
712,1859
42,1396
158,1868
33,2138
124,1818
561,1894
350,1579
454,2113
58,2288
26,1529
779,1771
418,2101
1,1974
941,2138
607,1949
574,1853
95,1933
527,1812
376,1553
497,1692
612,1960
139,1434
23,1211
261,1799
364,1725
140,2127
191,1592
152,1672
383,1588
238,1817
469,1732
874,2166
91,1537
292,1841
58,1620
196,1971
307,1515
90,1848
360,2088
824,2061
206,1616
155,1307
54,2283
943,2094
375,2044
249,1525
401,1463
797,1871
137,1492
162,1942
349,2070
402,1982
19,1282
553,1719
735,1823
317,1667
720,2086
75,1661
592,1679
295,1728
360,2138
306,1496
363,1762
58,1319
524,1696
540,1968
904,2027
147,1601
119,1914
431,1914
466,1852
396,1599
83,1479
848,1867
787,2087
810,1959
878,2140
517,2078
279,1997
33,1284
11,1675
672,1919
526,1746
271,1670
469,1880
